DATE,IMPORTER,EXPORTER,VESSEL,BL,ORIGIN,QUANTITY,DESCRIPTION,AMOUNT $(CIF), L. COST (PhP) 
20-Mar,SAN MIGUEL FOODS INC,GLOBAL NUTRITION ASIA-PACIFIC,MSC DANIT V.806E,HDMUAWML0904484,FR,4320.00,"SAFIZYM GP60"" BRAND GLUCANASE",243557.49,13469286.00
2-Mar,S.D. TRADING CORPORATION,SUNSTAR CHEMICAL (THAILAND) CO,ITAL MASSIMA,EGLV050800112381,TH,23760.00,"SUNSTAR BRAND"" SEALING COMPOUND""""SUNSTAR BRAND"" SEALING COMPOUND""""UNSTAR BRAND"" SEA""""NSTA""","17,067.48",950052.00
1-Mar,HENKEL PHILIPPINES INC.,PT.HENKEL ADHESIVE TECHNOLOGIE,SONGA HAYDN 804A,10024,ID,29315.00,"1X20 & 1X40 CTR STC TECHNOMELT 2304 WV,MELTA","73,269.16",3852724.00
13-Mar,CHEMICAL RESEARCH PRODUCTS,PRO TECH USA LC,MSC LEIGH / 9S,SES000003473,US,6741.00,"1X20 CNTR 7 PLTS STC: MAGNA ZYME DEX, MAGNA","64,180.00",3447612.00
21-Mar,MONDE NISSIN CORPORATION,GENERAL STARCH LIMITED,MOL HORIZON 1101E,BKKCB18001548,TH,19000.00,1X20 CONT MODIFIED TAPIOCA STARCH,"13,652.21",721768.00
1-Mar,MAXION BIOSCIENCE INC.,DANISCO SINGAPORE PTE LTD,NORTHERN DIAMOND,MCB161153,SG,7675.00,1X20 CONT STC AXTRA XAP 101 TPT AXTRA PHY 10,"72,344.57",3901627.00
19-Mar,MONDE NISSIN CORPORATION,GENERAL STARCH LIMITED,MOL HOPE 0042E,BKKCB18001116,TH,19000.00,1X20 CONT STC MODIFIED TAPIOCA STARCH,"13,652.23",721769.00
13-Mar,HAMBURG TRADING CORPORATION,CARGILL DEUTSCHLAND GMBH,SOFIA EXPRESS V.044E,NYKSHAMU00721700,DE,16225.00,1X20 CONTAINER STC: 679 BAGS C TEX 06205 ACE,"16,744.84",907035.00
14-Mar,HAMBURG TRADING CORPORATION,CARGILL BIO CHEMICAL CO LTD,MARIA SCHULTE,XDFF301914,CN,19750.00,1X20 CONTAINER STC: 790 BAGS DISTARCH PHOSPH,"20,519.11",1077303.00
15-Mar,HAMBURG TRADING CORPORATION,K.D FEDDERSEN,MILLAU BRIDGE V. 015E,NYKSBCNU00730500,ES,5460.00,1X20 CONTAINER STC: 8 PALLETS GLUES AND ADHE,"14,675.98",811454.00
14-Mar,HAMBURG TRADING CORPORATION,CARGILL BIO CHEMICAL CO LTD,MARIA SCHULTE,XDFF301913,CN,19750.00,1X20 CONTAINER STC: DISTARCH PHOSPHATE C STA,"15,159.94",798676.00
9-Mar,SAGAWA GLOBAL LOGISTICS PHILIPPINES,MACDERMID PERFORMANCE SOLUTION,NORTHERN VALENCE V. 8-046N,SEATF1803001401,SG,5623.00,1X20 CTNR 6 PLTS STC: ULTRA ETCH FINE LINE M,"6,782.54",374310.00
20-Mar,HENKEL PHILIPPINES INC.,PT HENKEL ADHESIVE TECHNOLOGIE,NAVIOUS AMARILLO,10003,ID,11500.00,1X20 CTR STC TECHNOMELT 2202 WV ADHESIVES,"24,182.66",1268137.00
14-Mar,HENKEL PHILIPPINES INC.,PT HENKEL ADHESIVE TECHNOLOGIE,GH LESTE 804A,10042,ID,7825.00,1X20 CTR STC TECHNOMELT SUPRA 100 ADHESIVE,"24,174.00",1267687.00
27-Mar,HENKEL PHILIPPINES INC.,PT.HENKEL ADHESIVE TECHNOLOGIE,CPO NORFOLK,10012,ID,5425.00,"1X20 CTR STC TECHNOMELT SUPRA 100,TECHNOMELT","16,787.88",886802.00
13-Mar,DEL MONTE PHILS INC. / PHILPACK,CARGILL DEUTSCHLAND GMBH,SOFIA EXPRESS 044E,NYKSHAMT70411200,BE,18000.00,1X20 STC 720 BAGS C TEX 06214 ACETYLATED DIS,"16,677.60",904021.00
14-Mar,REPUBLIC CHEMICAL INDUSTRIES INC.,AKKIM YAPI KIMYASALLARI SAN VE TIC,YM WINDOW,M594047781,TR,7431.00,1X20 STC FLEXOSEAL PU SEALANT SAUSAGE 600ml,"27,090.22",1489638.00
1-Mar,SHINDENGEN PHILIPPINES CORPORATION,PANASONIC MANUFACTURING AYUTHAYA CO,MONACO V. 0038N,MOLU13807447491,TH,11880.00,1X20RF EPOXY ENCAPSULATION COMPOUND,"49,738.79",2689755.00
20-Mar,SHINDENGEN PHILIPPINES CORPORATION,PANASONIC MANUFACTURING AYUTHAYA CO,MOL HORIZON V. 1101E,MOLU13807478888,TH,11890.00,1X20RF EPOXY ENCAPSULATION COMPOUND,"48,708.86",2624481.00
14-Mar,SHINDENGEN PHILIPPINES CORPORATION,PANASONIC MANUFACTURING AYUTHAYA CO,MOL HOPE V. 0042E,MOLU13807478872,TH,11880.00,1X20RF EPOXY ENCAPSULATION MATERIALS,"48,858.77",2626884.00
7-Mar,CHAROEN POKPHAND FOODS PHILS. CORP.,DANISCO SINGAPORE PTE. LTD.,NORTHERN DIAMOND,MCB162398,SG,14000.00,1X40 CONT STC 15 PALLETS AXTRA PHY 5000 L,"101,594.40",5454783.00
16-Mar,MEGASOFT HYGIENIC PRODUCTS INC,SHENZHEN GUI HAO CHENG TRADE,MAGNAVIA,193507,CN,20412.00,1X40 CTR STC ADHESIVE H4394,"25,370.42",1337521.00
8-Mar,MEGASOFT HYGIENIC PRODUCTS INC,SHENZHEN GUI HAO CHENG TRADE,HANSA FALKENBURG,68788,CN,21283.00,"1X40 CTR STC ADHESIVE TEP 517, TEP 876","26,303.50",1386056.00
26-Mar,INGREDION PHILIPPINES INC.,INGREDION INC,OOCL HO CHI MINH CITY V021W,OOLU2101414820,US,18449.00,1X40 GP STC COLFLO 67 TRUETRACE IP  BATTER B,"17,079.69",933515.00
16-Mar,INGREDION PHILIPPINES INC.,INGREDION INC,NYK TRITON V 069W,NYKSCHITK4650100,US,18371.00,1X40GP CNTR STC THERMTEX TRUETRACE IP,"19,954.15",1086467.00
23-Mar,JEBSEN & JESSEN INGREDIENTS (P),VEDAN VIETNAM ENTERPRISE CORP. LTD,BRIDGE 002B,OOLU2601362620,VN,36000.00,2 X 20 STC MODIFIED STARCH ACETYLATED DISTAR,"25,568.22",1349682.00
6-Mar,SAVE EARTH TECHNOLOGIES AND SERVICE,BIO-SYSTEMS INTERNATIONAL,COLOMBO V.037S,44393,US,1160.00,"250 PAILS PC+,4 X 2LB CUBES PER PAIL ENZYMES","24,210.46",1305665.00
6-Mar,SHINDENGEN PHILIPPINES CORPORATION,PANASONIC MANUFACTURING AYUTHAYA CO,MOL HORIZON V.1100E,MOLU13807447505,TH,23760.00,2X20 RF CTNR EPOXY ENCAPSULATION MATERIAL,"91,593.17",4939350.00
20-Mar,DKSH PHILIPPINES INC.,"SMS CORPORATION CO., LTD.",SITC LAEM CHABANG,SITGBKMN104752,TH,39000.00,2X20 STC 1560 BAGS KREATION MB MODIFIED STAR,"25,925.40",1366498.00
27-Mar,SHINDENGEN PHILIPPINES CORPORATION,PANASONIC MANUFACTURING AYUTHAYA CO,MOL HOPE V. 0043E,MOLU13807478893,TH,25371.00,2X20RF EPOXY ENCAPSULATION MATERIAL,"89,669.72",4833703.00
8-Mar,MAGNOLIA INC.,VRS FOODS LIMITED,HYUNDAI SPLENDER,SFP180163587,IN,50000.00,2X40 CONTRS STC: (2000 BAGS) RENNER CASEIN-9,"299,575.52",15789990.00
2-Mar,JEBSEN & JESSEN INGREDIENTS (P),VEDAN VIETNAM ENTERPRISE CORP LTD,AMALIA C 038B,OOLU2600395320,VN,54000.00,3 X 20 STC MODIFIED STARCH [ DISTARCH PHOSPH,"33,490.78",1765089.00
15-Mar,INLAND WAREHOUSING & LOGISTICS DIV.,"THREEBOND CO., LTD",CAPE NABIL V.034S,NYKSTY6AG8363400,JP,640.00,313 NE THREEBOND BRAND PRODUCTS (TB2236C/T,"11,251.66",619433.00
23-Mar,INGREDION PHILIPPINES INC.,PT. INGREDION INDONESIA,GH ZONDA 802A,MCB175653,US,4994.00,32233103CA NATIONAL 78-0432(modified starch),"16,511.66",896944.00
23-Mar,TURRIS PHIL. INC.,TATE & LYLE INGREDIENTS AMERICAS,YM MUTUALITY,NYKSCHIU06794400,US,38556.00,34 PACKAGES 1700 BAGS  MODIFIED STARCH,"39,519.90",2139939.00
24-Mar,INLAND WAREHOUSING & LOGISTICS DIV.,THREE BOND MANUFACTURING (THAILAND),SITC LIAONING,BKK0667388,TH,3394.00,340 PE THREEBOND BRAND PRODUCTS(TB3089H/TB,"207,830.38",11391778.00
13-Mar,HAMBURG TRADING CORPORATION,CARGILL DEUTSCHLAND GMBH,SOFIA EXPRESS V.044E,NYKSHAMU00283300,DE,51000.00,3X20 CONTAINER STC: 2040 BAGS C TEX 06205 AC,"45,086.40",2432882.00
26-Mar,MEGASOFT HYGIENIC PRODUCTS INC,SHENZHEN GUI HAO CHENG TRADE,HANSA SEIGBURG,16266,CN,61236.00,"3X40 CTR STC ADHESIVE H4394, TEP517","78,724.69",4141934.00
8-Mar,STARKEN PHILIPPINES INC.,STARKEN AAC SDN. BHD.,MV BUXMELODY,EGLV091830058242,MY,78585.00,3X40HC CONTR STC 1950 PCS THIN BED ADHESIVE,"14,428.50",826934.00
1-Mar,HAMBURG TRADING CORPORATION,CARGILL DEUTHCHLAND GMBH,NYK EAGLE V.008E,NYKSHAMT64238500,DE,71225.00,4 X 20 CONTAINERS STC 2849 BAGS C TEX 06214,"60,921.71",3304322.00
21-Mar,JEBSEN & JESSEN INGREDIENTS (P),VEDAN VIETNAM ENTERPRISE CORP. LTD,ST EVER,OOLU2601062570,VN,72000.00,4 X 20 STC MODIFIED STARCH [DISTARCH PHOSPHA,"44,654.37",2351526.00
8-Mar,EDWARD KELLER (PHILS.) INC.,"SMS CORPORATION CO., LTD.",SITC GUANGDONG 1803N,1MNL18020166,TH,4000.00,4PLTS STC 160 BAGS KREATION TU10,"5,137.90",274077.00
16-Mar,CENTURY PACIFIC FOOD INC.,GENERAL STARCH LIMITED,MOL HOPE,BKKCB18002505,TH,20000.00,800 BAGS MODIFIED TAPIOCA STAR,"16,473.20",867483.00
15-Mar,MEAD JOHNSON NUTRITION (PHILS) INC,KERRY INGREDIENTS (IRELAND) LTD,COSCO SPAIN,IEORK4017804563,IE,16800.00,9075 ULTRANOR MILK PROTEIN ISOLATE,"185,123.36",9758154.00
21-Mar,DOLE PHILIPPINES INC,NOVOZYMES MALAYSIA SDN BHD,WAN HAI 101 V.N112,01PKG0121520,MY,960.00,PECTINEX ULTRA TROPICAL,"9,600.00",541725.00
27-Mar,SUPERSTAR COCONUT PRODUCTS CO. INC,SAN SOON SENG FOOD INDUSTRIES,KMTC TIANJIN 1802N,PKG1410385,MY,16000.00,AAA MALTODEXTRIN,"13,812.00",753781.00
19-Mar,HENKEL PHILIPPINES INC.,HENKEL CHEMICAL TECHNOLOGIES,TORRES STRAIT VOY 1807,SHA823478,CN,3386.00,"ADHESIVE (TECHNOMELT 3183 25KG,","11,520.92",605532.00
21-Mar,JT INTERNATIONAL ASIA MFG. CORP.,H.B. FULLER ADHESIVES MALAYSIA SDN,XIN QIN HUANG DAO 042E,PKGSGL000401,MY,3675.00,ADHESIVE DURABOND-CONTROLLED,"10,257.12",571724.00
19-Mar,MAHLE FILTER SYSTEMS PHILS. CORP.,MAHLE FILTER SYSTEMS JAPAN CORP GLO,CAPE NABIL 034S,33034,JP,10000.00,ADHESIVE OF 418P-3,"22,846.78",1254895.00
2-Mar,SAN TECHNOLOGY INCORPORATED,CORAL SERVICE CORP.,CALLAO BRIDGE 125S,UKBMNL18025188,JP,900.00,ADHESIVE POWDER,"19,302.75",1046257.00
5-Mar,TRANS WORLD TRADING COMPANY,TOYOCHEM SPECIALTY CHEMICAL SDN.BHD,BUXMELODY V1647-094N,EGLV091830038381,MY,16000.00,ADHESIVE TM-585-60M-DM-PH,"59,328.20",3106236.00
7-Mar,PRINCEACE CORP.,NILOS GMBH & CO,COLOMBO EXPRESS,DEHAM1801REM20093,DE,400.00,"ADHESIVE TOPGUM TL-T70, PRIMER SH","8,243.02",452666.00
9-Mar,PAREXGROUP INC.,EMFI SAS,SCIO SKY V. 1805,AME65ME884079,BE,10534.00,ADHESIVES (LANKO 603 PH GREY),"36,570.87",2007159.00
9-Mar,H.B FULLER (PHILIPPINES) INC.,H.B FULLER (CHINA) ADHESIVES LTD,BO YUN V.178,0248A05585,CN,6660.00,ADVANTRA 8621,"22,809.13",1192371.00
27-Mar,LAMON BAY FURNITURE CORP,"AICA KOGYO CO., LTD.",CALLAO BRIDGE V. 126S,KBMN18033104,JP,2500.00,AICA AIBON ADHESIVE,"6,411.14",357262.00
14-Mar,1986 CONSTRUCTION SUPPLY,SHENZHEN GUI HAO CHENG TRADE C,MAGNAVIA,42988,CN,1570.00,AIRCON MATERIALS INSULATION BOARD,"6,565.25",347707.00
2-Mar,ALLTECH BIOTECHNOLOGY CORP,"CUSTOM FREIGHT SALES, INC.",EVER LISSOME 023W,CVGMNN7911092D,US,2000.00,ALLZYME FD,"16,184.92",879297.00
5-Mar,ALLTECH BIOTECHNOLOGY CORP,ALLTECH BIOTECHNOLOGY CORP LTD,ITAL MILLIONE 0813 091W,EGLV050800043746,TH,1500.00,ALLZYME SSF E,"12,134.91",656359.00
9-Mar,ALLTECH BIOTECHNOLOGY CORP,"CUSTOM FREIGHT SALES, INC.",EVER LOGIC 029,CVGMNN8911139D,US,2000.00,ALLZYME VEGPRO,"11,680.84",634685.00
20-Mar,PHILIPPINE FOREMOST MILLING,MUEHLENCHEMIE GMBH AND CO KG,CMA CGM LAPEROUSE 088FME,HBG1223185,DE,2275.00,ALPHAMALT ROX HCTE VC5000,"19,839.05",1068401.00
2-Mar,PURATOS PHILIPPINES INC.,PURATOS NV,THALASSA TYHI 0962 018E,OOLU4026449670,BE,835.00,"AMYLASE FONGIQUE,PREMIX SOFTR SWEET,PREMIX X","18,974.02",1020606.00
27-Mar,VET SPECIALISTS INC,ALIVIRA ANIMAL HEALTH LIMITED,OOCL NINGBO V132E,3640,IN,5750.00,ANIMAL HEALTH PRODUCTS,"17,302.40",941244.00
21-Mar,KRAYDEN ASIA INC.,HUNTSMAN ADVANCED MATERIALS,THALASSA DOXA 018E,B1800570,BE,3037.00,ARALDITE,"20,994.96",1155280.00
27-Mar,TRANS-MILLENNIUM MERCANTILE CORPORA,CEREAL TECH PTE LTD.,CALICANTO BRIDGE,KMSMNL18EMA004,SG,5472.00,BAKERY INGREDIENTS CT TINAPASE,"12,141.67",638685.00
21-Mar,PHILIPPINE INDUSTRIAL SEALANTS &,THE DOW CHEMICAL COMPANY,KYAUK PHYU STAR 001S,KKLUUS0580953,US,13793.00,BETASEAL (TM) U-818 URETHANE SEALANT,"80,412.89",4410387.00
12-Mar,STT PHILIPPINES INC,"ELKEM SILICONES SHANGHAI CO.,",ISAO V.1804S,SNL8SHPL3100238,CN,12000.00,BLUESIL TCS 7525 AR/B (RAW MATERIALS),"109,480.80",5987110.00
21-Mar,STT PHILIPPINES INC,"ELKEM SILICONES SHANGHAI CO.,",HAI LIAN V.1806S,SITGSHMNL02181,CN,12000.00,BLUESIL TCS 7525 AR/B (RAW MATERIALS),"109,432.94",5997381.00
15-Mar,HENKEL PHILIPPINES INC.,HENKEL CHEMICAL TECHNOLOGIES,TORRES STRAIT VOY 1807,SHA100459,CN,3987.00,BONDERITE L-AD 900B 180KG EXPORT,"13,341.49",733926.00
9-Mar,SANKYOTATEYAMA PHILIPPINES INC,"SANKYO TATEYAMA, INC.",IWASHIRO 252S,81740,JP,319.00,"BOTH SIDES ADHESIVE TAPE, AIR TIGHT WB7739 V","5,176.38",284420.00
13-Mar,CARGILL TEXTURIZING SOLUTIONS,CARGILL DEUTSCHLAND GMBH,CALICANTO BRIDGE V. 250N,MOLU28014575286,BE,14825.00,C HIFORM 12748 COLD SWEL HYDROX DSTARCH PHOS,"39,582.75",2135934.00
9-Mar,HAMBURG TRADING CORPORATION,CARGILL INCORPORATED,IWASHIRO V.252S,NYKSCHIU02585500,US,32500.00,C TEX 06205 MODIFIED STARCH,"28,728.69",1556572.00
23-Mar,CARGILL TEXTURIZING SOLUTIONS,"CARGILL BIO-CHEMICAL CO., LTD",TRF PRAIA V. 280,XDFF301923,CN,19875.00,C*STABITEX 05311,"13,224.83",700809.00
23-Mar,FORGEMS MARKETING CO. INC.,GRAIN PROCESSING CORPORATION,EVER ETHIC V.1022W,MALY00596829,US,47628.00,C12F ACID MODIFIED CORN STARCH,"24,110.29",1314867.00
26-Mar,CARGILL TEXTURIZING SOLUTIONS,CARGILL INCORPORATED,KYAUK PHYU STAR V. 001N,KKLUUS0579598,US,19278.00,CARGILL TEX 062311 MOD FOOD STARCH,"17,735.28",969431.00
31-Mar,WU KONG SINGAPORE PTE. LTD. PHIL.,NEDEX CHEMIE DEUTSCHLAND GMBH,CALICANTO BRIDGE 251N,KKLUHAM492552,NL,15936.00,CHEMICAL HARMLESS,"56,058.68",3171705.00
1-Mar,HITACHI CABLE PHILIPPINES INC.,HITACHI TRANSPORT SYSTEM EAST,CALLAO BRIDGE 125S,YOKACC05581,JP,291.00,"CHEMLOK, CHEMLOK 6108","13,389.41",736943.00
15-Mar,H.B FULLER (PHILIPPINES) INC.,H.B FULLER ADHESIVE MALASYIA SDN BH,CMA CGM VERDI V.248E,PKGSGL000392,MY,10800.00,CLEANMELT PHC 7256,"28,289.90",1481676.00
20-Mar,BRENNTAG INGREDIENTS INC.,ROQUETTE ITALIA SPA,OOCL EGYPT V 012E,OOLU4045126600,IT,38000.00,CLEARAM CH 20 20,"41,406.11",2237689.00
12-Mar,NUTRI-ASIA INC.,ROQUETTE ITALIA SPA,TAIPEI TRIUMPH 0316-003E,OOLU4045025770,IT,19000.00,CLEARAM CH 20 20 (MODIFIED STARCH ),"16,452.21",892753.00
16-Mar,NUTRI-ASIA INC.,ROQUETTE ITALIA SPA,CMA CGM CASSIOPEIA 266MEE,OOLU4045005180,IT,19000.00,"CLEARAM CH 2020, maize modified starch","16,452.06",892745.00
13-Mar,BRENNTAG INGREDIENTS INC.,ROQUETTE ITALIA SPA,CMA CGM CASSIOPEIA 266MEE,OOLU4045089880,IT,19000.00,CLEARAM CH 40 20,"24,347.52",1314768.00
8-Mar,KINPO ELECTRONICS (PHILIPPINES) INC,ATOM CELS SINGAPORE PTE LTD,NYK JOANNA V 064N,84469,SG,450.00,CONFORMAL COATING,"29,130.19",1601927.00
22-Mar,BOUNTY FRESH FOODS INC,DSM NUTRITIONAL PRODUCTS ASIA,KOTA JUTA,SINCB18006824,DE,5000.00,CRINA POULTRY FEED ADDITIVE POWDER,"140,000.00",7532652.00
6-Mar,INGREDION PHILIPPINES INC.,NATIONAL STARCH AND CHEMICAL,MOL HORIZON 1100E,MOLU13807413845,TH,46250.00,CRISPIOCA NATIONAL 8991,"50,530.80",2652594.00
9-Mar,INGREDION PHILIPPINES INC.,NATIONAL STARCH AND CHEMICAL,MOL SPARKLE 1067N,MOLU13807526590,TH,17977.00,CRISPIOCA/NATIONAL FRIGEX/PURITY 77HV,"17,618.00",926936.00
19-Mar,REPUBLIC CHEMICAL INDUSTRIES INC.,MOMENTIVE  PERFORMANCE MATERIA,MOL SEABREEZE V. 0103N,GTD0393280,TH,14695.00,CRTV 1490E-DRUM SILICONE SEALANT BULK ACETOX,"68,658.30",3588203.00
19-Mar,GCP APPLIED TECHNOLOGIES,HENKEL (THAILAND) LTD.,MOL HORIZON 1101E,MOLU13807539350,TH,6940.00,"DAREX DRUM 159V, DAREX OP649DE-40","9,336.79",515187.00
23-Mar,INGREDION PHILIPPINES INC.,INGREDION INC,MOL PRESTIGE 048W,NYKSCHIU01380400,US,18371.00,DEXTRINS & OTHER MODIFIED STARCH (THERMTEX T,"19,954.15",1088674.00
28-Mar,INGREDION PHILIPPINES INC.,INGREDION INC,MOL PROSPERITY 113W,NYKSCHIU25039400,US,18371.00,DEXTRINS AND OTHER MODIFIED STARCHES(THERMTE,"19,954.15",1088674.00
15-Mar,ELEMATEC PHILIPPINES INC,ELEMATEC CORPORATION,CAPE NABIL 034S,92380,JP,910.00,DRY SURF,"25,520.02",1393056.00
21-Mar,MEGAPAINT CORPORATION,"AKZO NOBEL PAINTS VIET NAM LTD.,",MOL HORIZON 1100W,SGNMNLS1803015,VN,20000.00,DS PUTTY 40K/A502-29133,"5,625.38",303624.00
26-Mar,UNIVERSAL ROBINA CORPORATION,PB LEINER ARGENTINA SA,CAPE ARTEMISIO V752E,BUEMNLI00080,AR,20800.00,EDIBLE BEEF GELATIN,"113,225.60",6101129.00
20-Mar,ASCO MARKETING CORPORATION,PARMOVO S.R.L.,MUNCHEN BRIDGE,PMF802314053,IT,10000.00,EGG WHITE POWDER EWPHW3,"80,541.50",4338292.00
12-Mar,SWITZ MARKETING CORPORATION,OVOBEL FOODS LIMITED,CMA CGM VERDI 248E,MAACB18001428,IN,5000.00,EGG WHITE POWDER HIGH WHIP,"37,000.00",1951003.00
13-Mar,INGREDION PHILIPPINES INC.,NATIONAL STARCH AND CHEMICAL,MOL HOPE 0042E,MOLU13807423252,TH,116672.00,ELASTIGEL 3000M/INSTANT PURE-FLO,"136,980.93",7152481.00
12-Mar,INGREDION PHILIPPINES INC.,NATIONAL STARCH AND CHEMICAL,MOL HOPE 0042E,MOLU13807423329,TH,162000.00,ELASTIGEL 3000MELASTITEX 1,"111,812.40",5861364.00
8-Mar,AMPERE RESOURCES CORPORATION,BDP ASIA PACIFIC PTE LTD,NYK JOANNA 064N,8101020366A,SG,4164.00,"ELASTOMETRIC FIRESRTOP SPRAY, ENDOTHERMIC","32,114.33",1758113.00
28-Mar,PHILIPPINE FLOUR MILLS (A DIVISION,MUEHLENCHEMIE GMBH & CO. KG,SEASPAN ZAMBEZI V. 008E,MNL215869,DE,5000.00,"ELCO P-100 K, EMCEFERRO ELECTROLYTIC","78,387.74",4219657.00
23-Mar,ALTERNATIVES FOOD CORP,"QINGDAO LANKANG INTERNATIONAL CO.,",PHILIPPA SCHULTE,AAJY008664,TR,75000.00,EMPRO 90 ISOLATED SOY PROTEIN (EMULSION GRA,"78,600.00",4187166.00
23-Mar,ALTERNATIVES FOOD CORP,"QINGDAO LANKANG INTERNATIONAL CO.,",COSCO FUKUYAMA,COAU7042148430,TR,75000.00,EMPRO 90 ISOLATED SOY PROTEIN (EMULSION GRA,"78,600.00",4187166.00
26-Mar,AMPERE RESOURCES CORPORATION,BDP ASIA PACIFIC PTE LTD,NYK JOANNA 065N,30108,SG,3314.00,"ENDOTHERMIC FIRESTOP SEALANT, INTUMISCENT","33,300.66",1825874.00
8-Mar,SAN MIGUEL BREWERY INC,NOVOZYMES MALAYSIA SDN BHD,NYK JOANNA V. 064N,01PKG0120751,US,13200.00,"ENZYMES (ATTENUZYME CORE, TERMAMYL SC DS, UL","115,382.20",6189127.00
13-Mar,JTK ELECTRONIC COMPONENTS,WELLS ELECTRONIC MATERIAL,SITC SHANDONG,SZHOE18035719,CN,1990.00,EPOXY ADHESIVE,"10,609.26",586271.00
10-Mar,SIIX LOGISTICS PHILS. INC.,SIIX CORP. TOKYO HEADQUARTER,IWASHIRO 252S,64400,JP,275.00,EPOXY RESIN,"6,418.53",353874.00
6-Mar,SIIX LOGISTICS PHILS. INC.,SIIX CORP. TOKYO HEADQUARTER,WAN HAI 313 S169,63582,JP,6985.00,"EPOXY RESIN, HARDENER","38,083.73",2089531.00
1-Mar,YAZAKI-TORRES MANUFACTURING INC.,YAZAKI  CORPORATION,CALLAO BRIDGE 125S,NYKSSM7AA7206700,JP,844.00,"E-TEC, ADHESIVE, SILICON SEALANT","18,738.59",1031694.00
8-Mar,YAZAKI-TORRES MANUFACTURING INC.,YAZAKI  CORPORATION,IWASHIRO 252S,NYKSSM7AA7207100,JP,657.00,"E-TEC, ADHESIVE, SILICON SEALANT","15,206.78",834030.00
22-Mar,YAZAKI-TORRES MANUFACTURING INC.,YAZAKI  CORPORATION,KYAUK PHYU STAR V.001N,NYKSSM7AA7501500,JP,552.00,"E-TEC, ADHESIVE, SILICON SEALANT","12,063.02",661452.00
14-Mar,YAZAKI-TORRES MANUFACTURING INC.,YAZAKI  CORPORATION,CAPE NABIL 034S,NYKSSM7AA7499700,JP,1816.00,"E-TEC, SILICON SEALANT","30,218.69",1651601.00
28-Mar,INTERNATIONAL FLAVORS AND FRAGRANCE,DSM FOOD SPECIALTIES,CALICANTO BRIDGE V.251N,SEMNL1803035905,DE,1280.00,EXPRESA 2200 GF POWDER,"9,795.20",522525.00
8-Mar,HILTI PHILIPPINES INC.,HILTI AG,COLOMBO EXPRESS,MNL215823,DE,917.00,FILLING FOAM,"6,301.86",345725.00
19-Mar,JANGHO GROUP CO LTD PHILIPPINE BRAN,GUANGZHOU JANGHO CURTAIN WALL,SINAR BRANI,CAMNZXE34557,CN,1230.00,FIREPROOF GLUE,"8,341.01",458487.00
14-Mar,FISCHER PH ASIA INC,FISCHERWERKE GMBH & CO KG,MARSTAL MAERSK MAE5237,STRMNLI00076,DE,9776.00,FIXING MATERIAL FIAM600 FIRESTOP AND ACOUSTI,"27,781.95",1523023.00
9-Mar,MCCORMICK PHILIPPINES INC,RUBECLAR INTERNATIONAL INC.,YM MOBILITY V. 031W,W160337098,US,273.00,"FRUTAROM PAPAIN PURIFIED POWDER S-100,","9,120.11",491084.00
1-Mar,OHGITANI PHILIPPINES INC.,OHGITANI CORPORATION,CALLAO BRIDGE 125S,KMN6360,JP,1907.00,FUJIMI OPTICAL EMERY MINUTE POWDER,"7,496.84",400716.00
12-Mar,3M PHILS. INC.,3M SHANGHAI SPECIALTY MATERIAL,ISAO 1804S,2021,CN,1600.00,GCLF 467MP 50 IN 2500M PRODU,"8,032.23",444501.00
7-Mar,SUCERE FOODS CORPORATION,ROUSSELOT (M) SDN BHD,NYK JOANNA,HDMUSGWB0538084,BR,20000.00,GELATIN 220 H 20,"132,520.00",7127295.00
7-Mar,MARKENBURG INTERNATIONAL FOODS CORP,ROUSSELOT SDN BHD,NYK JOANNA 064N,HDMUSGWB0538083,SG,20000.00,GELATIN 220 H 20,"112,190.00",6037652.00
20-Mar,GANDANG KALIKASAN INC.,"GANDANG KALIKSAN, INC. USA",OOCL HO CHI MINH CITY 021W,S00300405,US,200.00,GLUADIN,"8,884.04",468046.00
26-Mar,HOMEBASE TRADING & GEN MERCHANDISE,XIAMEN XINYUANCHANG IMPORT & EXPORT,HE SHENG 1811S,MCLPWET017217,CN,6000.00,GLUE,"10,357.52",545820.00
23-Mar,HOMEBASE TRADING & GEN MERCHANDISE,SHENZHEN LUYE EAST INDUSTRY CO LTD,MAGNAVIA 18006S,50525,CN,4500.00,GLUE,"9,235.10",487130.00
14-Mar,HOMEBASE TRADING & GEN MERCHANDISE,"SHENZHEN SPEEDY IMP & EXP CO., LTD.",MAGNAVIA 18005S,38056,CN,4500.00,GLUE,"7,665.05",403637.00
23-Mar,TAIPHIL PROTECH INDUSTRIAL INC.,NEW VISTA LIMITED,MAGNAVIA 18006S,HKGMNL183164,HK,59.00,GLUE,"5,257.23",289436.00
9-Mar,STT PHILIPPINES INC,STT INC.,IWASHIRO 252S,YOKACB77835,JP,9072.00,"GLUE SE6750 A,GLUE SE6750B","130,564.22",7021728.00
26-Mar,SYNERGY SALES INTERNATIONAL CORP,XIAMEN QICHEN IMPORT & EXPORT,MS EAGLE V-1807,26074,CN,22000.00,GLUE STARCH AS PER INV#XG180313 dtd. 3/13/20,"12,020.00",638011.00
27-Mar,MCGK WOODWORKS INC.,AKZO NOBEL ADHESIVE PTE LTD,KOTA JUTA V.0325E,SWMNL1850296,SG,2795.00,GLUE/HARDENER,"11,893.45",657949.00
13-Mar,BRENNTAG INGREDIENTS INC.,DUPONT NUTRITION BIOSCIENCES,MARY MAERSK V 804E,9810,DK,380.00,GRINDAMYL H 490,"9,279.01",499891.00
9-Mar,H.B FULLER (PHILIPPINES) INC.,H. B. FULLER ADHESIVES MALAYSIA SDN,FELIXSTOWE BRIDGE 059E,PKGSGL000389,MY,9100.00,GRIPWELL 1201 (INDUSTRIAL ADHESIVES),"16,720.21",875813.00
15-Mar,INGREDION PHILIPPINES INC.,NATIONAL STARCH AND CHEMICAL,MOL SEABREE 0103N,MOLU13807527690,TH,51654.00,H50/ INSTANT PURE FLO F / NATIONAL,"65,010.89",3394871.00
13-Mar,ALL INCLUSIVE SALES INC.,AMERSEAL INDUSTRIAL SDN BHD,EVER BALMY,EGLV095800014045,MY,1512.00,HARDEX BETA GREY RTV SILICONE GASKET MAK 40G,"11,442.22",597484.00
13-Mar,ALL INCLUSIVE SALES INC.,AMERSEAL INDUSTRIAL SDN BHD,EVER BALMY,EGLV095800014045,MY,6952.00,HARDEX BETA GREY RTV SILICONE GASKET MAK85.2,"34,580.94",1803243.00
5-Mar,BOSTIK PHILIPPINES INC.,JIANGSU BOSTIK ADHESIVE CO. LTD,HAI LIAN V.1804S,JYDSH180205062F,CN,3000.00,HERBERTS 1K-LF190-X3 (ADHESIVE),"14,502.47",759179.00
13-Mar,HILTI PHILIPPINES INC.,HILTI CORPORATION,GL LESTE 804A,SGSIN0000086147,SG,53196.00,"HILTI FIXING EQUIPMENT ADHESIVE CAPSULE, FS","155,072.72",8501342.00
26-Mar,HILTI PHILIPPINES INC.,HILTI CORPORATION,CHILOE ISLAND 806A,SGSIN0000086388,SG,1546.00,HILTI FIXING EQUIPMENT INJECTABLE MORTAR,"32,873.32",1801186.00
26-Mar,HILTI PHILIPPINES INC.,HILTI CORPORATION,CHILOE ISLAND/806A,SGSIN0000086461,SG,14010.00,"HILTI FIXING EQUIPMENT, CAPSULE,FS JOINT FIL","106,135.85",5817485.00
8-Mar,HILTI PHILIPPINES INC.,HILTI CORPORATION,GUENTHER SCHULTE 804A,SGSIN0000085583,SG,4368.00,"HILTI FIXING EQUIPMENT-INJECTABLE MORTAR,ADH","69,908.99",3834933.00
23-Mar,AKAGI GOMU PHILS. CORP.,"AKAGI CO., LTD.",CALLAO BRIDGE 126S,YLKS8011080,JP,3189.00,HOT MELT,"13,154.94",723337.00
2-Mar,AKAGI GOMU PHILS. CORP.,"AKAGI CO., LTD.",CALLAO BRIDGE 125S,YLKS8007467,JP,2781.00,HOT MELT,"10,966.20",604786.00
9-Mar,SIGLO LEATHERWARE MANUFACTURING INC,SHEN ZHEN GNG CO LTD.,APL LOS ANGELES V. 27S,750800135A,CN,1835.00,HOT MELT ADHESIVE,"20,623.25",1131634.00
1-Mar,MYSTIC FABRIC ENTERPRISE,ADTEK MALAYSIA SDN BHD,BUXMELODY V.094N,SNKO160180100308,MY,20757.00,HOT MELT ADHESIVE,"16,551.20",924563.00
9-Mar,CONSOLIDATED ADHESIVES INC,ADTEK MALAYSIA SDN BHD,NORTHERN VALENCE 046N,SNKO160180100228,MY,17000.00,HOT MELT ADHESIVE (GLUE),"34,340.00",1801957.00
20-Mar,NAN PAO RESINS CHEMICAL PHILIPPINES,FOSHAN NAN PAO ADVANCED MATERIALS C,JIAN GONG 618 180312,FOSCB18000169,CN,10800.00,HOT MELT ADHESIVE HM 242,"24,495.71",1282804.00
23-Mar,H.B FULLER (PHILIPPINES) INC.,H.B FULLER (CHINA) ADHESIVES LTD,YONG SHI FENG 66 V.18031200,0248A06381,CN,9600.00,HOT MELT ADHESIVES NW-1151ZP,"32,388.48",1785188.00
8-Mar,PROCTER & GAMBLE PHILIPPINES INC,HENKEL CHEMICAL TECHNOLOGIES (SHANG,ISAO V.1804S,547,CN,8640.00,HOTMELT ADHESIVE,"40,002.69",2194194.00
23-Mar,PROCTER & GAMBLE PHILIPPINES INC,HENKEL CHEMICAL TECHNOLOGIES (SHANG,ISAO V.1805S,6962,CN,8640.00,HOTMELT ADHESIVE,"39,963.19",2199854.00
19-Mar,COPYLANDIA OFFICE SYSTEMS CORP.,HORIZON INTERNATIONAL INC.,CAPE NABIL 034S,UKBMNN13414,JP,1098.00,HOTMELT GLUE-CONSUMABLES OF BINDING MACHINE,"10,428.61",572878.00
19-Mar,BOSTIK PHILIPPINES INC.,BOSTIK FINDLEY CHINA CO. LTD.,MAGNAVIA 18005S,39445,CN,10825.00,HOTMELT H4376 AND HOTMELT TEE258,"37,705.04",2073510.00
15-Mar,ROMTECH CONSTRUCTION INC,ARDEX SINGAPORE PTE LTD,FELIXSTOWE BRIDGE V 059E,SGMNL1801640,SG,6305.00,INDUSTRIAL FLOORING PRODUCTS ARDEX,"44,793.05",2464174.00
14-Mar,HILTI PHILIPPINES INC.,HILTI CORPORATION,CMA CGM VERDI 248E,OOLU2600687660,SG,1159.00,INJECTABLE MORTAR,"24,123.18",1317249.00
19-Mar,LLOYD LABORATORIES INC.,INGREDION INC.,NYK TRITON,NYKSCHIU18085700,US,6129.00,INSTANT TEXTRA DEXTRINS & OTHER MODIFIED STA,"39,463.79",2123793.00
2-Mar,COMMODITY QUEST INC.,DEZHOU RUI KANG FOOD CO LTD,HYUNDAI FORWARD 079S,SSLMN180744,CN,100000.00,ISOLATED SOY PROTEIN,"225,198.98",11783829.00
23-Mar,COMMODITY QUEST INC.,"DEZHOU RUIKANG FOOD CO., LTD",PHILIPPA SCHULTE V093XAS,SSLMN180930,CN,100000.00,ISOLATED SOY PROTEIN,"224,380.00",11754196.00
28-Mar,DKSH PHILIPPINES INC.,ARCHER DANIELS MIDLAND CO,ER TEXAS V009S,COSU8018367400,US,6000.00,ISOLATED SOY PROTEIN PROFAM 921,"24,127.79",1277677.00
15-Mar,COMMODITY QUEST INC.,SHANDONG GUSHEN IMPORT EXPORT CO LT,SITC MAKASSAR 1806S,SITGTAMN578028,CN,50000.00,ISOLATED SOY PROTEIN SOYA PRO 900,"110,921.00",5808068.00
5-Mar,BOSTIK PHILIPPINES INC.,JIANGSU BOSTIK ADHESIVE CO. LTD,HAI LIAN V.1804S,JYDSH180205062F,CN,1905.00,ISR 70-03 BLACK,"9,205.26",507264.00
9-Mar,SIKA PHILIPPINES INC.,SIKA LTD,IWASHIRO 252S,YHMNL00700418JP,JP,2449.00,JOINT SEALANT SIKAFLEX 255 EXTRA BLACK 600ml,"13,057.75",685800.00
2-Mar,BORAL PLASTERBOARD PHILIPPINES INC.,USG BORAL SDN BHD,BUXMELODY 1647 094N,EGLV090800018911,MY,82096.00,JOINTING COMPOUND PREMIUM PREMIX,"25,268.56",1346905.00
9-Mar,BORAL PLASTERBOARD PHILIPPINES INC.,USG BORAL SDN BHD,NORTHERN VALENCE 1648 046N,EGLV090800038491,MY,82096.00,JOINTING COMPOUND PREMIUM PREMIX,"25,268.56",1339138.00
20-Mar,BORAL PLASTERBOARD PHILIPPINES INC.,USG BORAL SDN BHD,MAIN TRADER 1649 038N,EGLV090800038504,MY,82096.00,JOINTING COMPOUND PREMIUM PREMIX,"25,268.56",1341971.00
22-Mar,BORAL PLASTERBOARD PHILIPPINES INC.,USG BORAL SDN BHD,EVER BLISS 1650 009N,EGLV090800038512,MY,82096.00,JOINTING COMPOUND PREMIUM PREMIX,"25,268.56",1343844.00
29-Mar,BORAL PLASTERBOARD PHILIPPINES INC.,USG BORAL SDN BHD,BUXMELODY 1651 095N,EGLV090800049166,MY,82096.00,JOINTING COMPOUND PREMIUM PREMIX,"25,268.56",1343844.00
2-Mar,BORAL PLASTERBOARD PHILIPPINES INC.,USG BORAL SDN BHD,MAIN TRADER 1645 037N,EGLV090800018899,MY,39678.00,"JOINTING COMPOUND PREMIUM PREMIX, PREMIUM PR","12,647.66",677058.00
26-Mar,EUNICE INC.,ALISPED S.P.A,YM UBERTY 061E,201809,IT,4000.00,"KELIWOOL LIQUID, COLLAGEN HYDROLYSED 30%, KE","50,992.20",2688788.00
16-Mar,HOUSE TECHNOLOGY INDUSTRIES PTE.LTD,KLEBCHEMIE M G BECKER GMBH AND,COLOMBO 039S,N670186946,NL,13200.00,KLEIBERIT 502.8 METAL DRUM WITHLINLINER(WOOD,"65,197.82",3577501.00
13-Mar,BULWARK EQUIPMENT PARTSHOUSE INC,"FLOOR CHEM ASIA CO., LTD",MONACO,GTD0394062,TH,27215.00,KONCREFLEX FLOOR COATING MD/HD CREAM,"28,842.25",1516030.00
1-Mar,DKSH PHILIPPINES INC.,SMS CORPORATION CO LTD,SITC GUANGDONG V1803N,SITGLCMN115772,TH,19500.00,KREATION MB,"13,115.70",696391.00
27-Mar,ALPLA PHILIPPINES INC,"KRONES (THAILAND) CO., LTD.",SFL AVON 1806,BKK648549,TH,1120.00,KRONES COLFIX HM 1195N,"10,785.49",597117.00
13-Mar,LINTEC PHILIPPINES (PEZA) INC.,"LINTEC (THAILAND) CO.,LTD.",MOL HOPE,INLB3081TH764,TH,10631.00,LINTEC SELF ADHESIVE PRODUCTS,"110,142.25",6035835.00
8-Mar,LINTEC PHILIPPINES (PEZA) INC.,LINTEC CORPORATION,IWASHIRO,TPRB884,JP,10518.00,LINTEC SELF ADHESIVE PRODUCTS,"75,851.25",4170382.00
14-Mar,LINTEC PHILIPPINES (PEZA) INC.,"LINTEC (THAILAND) CO., LTD.",SITC LIAONING,INLB3077TH764,TH,6653.00,LINTEC SELF ADHESIVE PRODUCTS,"67,002.04",3677206.00
7-Mar,LINTEC PHILIPPINES (PEZA) INC.,"LINTEC (THAILAND) CO.,LTD.",MOL HORIZON,INLB3070TH764,TH,6725.00,LINTEC SELF ADHESIVE PRODUCTS,"61,505.18",3384708.00
2-Mar,LINTEC PHILIPPINES (PEZA) INC.,LINTEC CORPORATION,CALLAO BRIDGE,TPRB878,JP,8046.00,LINTEC SELF ADHESIVE PRODUCTS,"55,631.82",3074700.00
16-Mar,LINTEC PHILIPPINES (PEZA) INC.,LINTEC CORPORATION,CAPE NABIL,TPRC889,JP,7859.00,LINTEC SELF ADHESIVE PRODUCTS,"52,107.79",2864129.00
21-Mar,LINTEC PHILIPPINES (PEZA) INC.,LINTEC SINGAPORE PTE LTD,NYK JOANNA,JBMNL05728,SG,3280.00,LINTEC SELF ADHESIVE PRODUCTS,"39,725.51",2184228.00
23-Mar,LINTEC PHILIPPINES (PEZA) INC.,LINTEC CORPORATION,CALLAO BRIDGE,TPRC898,JP,4234.00,LINTEC SELF ADHESIVE PRODUCTS,"29,836.88",1645024.00
14-Mar,MYBRUSH TECHNOLOGY (PHIL.) INC.,MYBRUSH INDUSTRIES SDN BHD,GH LESTE 804A,MCB168772,MY,6.00,LOCTITE 403,"12,679.74",714664.00
27-Mar,DYSON ELECTRONICS PTE LTD PH BRANCH,HENKEL SINGAPORE PTE LTD,CALICANTO BRIDGE 251N,SG000022840OE,SG,60.00,LOCTITE EA 9492 B EDS CONTROL 17060-22 FEB 2,"5,598.70",312669.00
19-Mar,ARKRAY INDUSTRY INC,ARKRAY FACTORY PINGHU INC,HAI LIAN 1806S,HGHSE18030011,CN,94.00,LOCTITE NO. 638,"5,875.99",322421.00
22-Mar,FORGEMS MARKETING CO. INC.,GRAIN PROCESSING CORPORATION,APL ESPLANADE V.276TXW,MALY00589770,US,34000.00,MALTRIN M100 MALTODEXTRIN,"24,815.62",1348539.00
24-Mar,MAPEI PHILIPPINES INC,POLYGLASS SPA,STADT DRESDEN,300329,IT,1500.00,MAPEPLAN ADS 200,"9,744.30",537377.00
1-Mar,BASF PHILIPPINES INC,BASF (MALAYSIA) SDN. BHD.,CALICANTO BRIDGE 249N,NYKSPKGU02088300,MY,18810.00,MASTERSEAL 540 PART A MASTERSEAL 540 PART B,"9,815.63",518597.00
5-Mar,BASF PHILIPPINES INC,PT BASF DISTRIBUTION INDONESIA,DEVA 276QANCNC,ARM0147329,ID,40000.00,MASTERSEAL 583 GREY,"14,211.50",755903.00
9-Mar,INGREDION PHILIPPINES INC.,INGREDION CHINA LIMITED,ISAO 1804S,SITGSHMNT12210,CN,40000.00,MODIFIED STARCH (THERMTEX),"54,778.00",2874300.00
26-Mar,JEBSEN & JESSEN INGREDIENTS (P),VEDAN VIETNAM ENTERPRISE CORP,BRIDGE 002B,OOLU2601362640,VN,72000.00,MODIFIED STARCH ACETYLATED DISTARCH ADIPATE,"51,496.73",2711848.00
20-Mar,JEBSEN & JESSEN INGREDIENTS (P),VEDAN VIETNAM ENTERPRISE CORP,ST BLUE 023E,OOLU2601143780,VN,54000.00,MODIFIED STARCH DISTARCH PHOSPHATE CTF-7657,"33,490.88",1765229.00
26-Mar,BATAAN 2020 INC.,NATIONAL STARCH AND CHEMICAL (THAIL,MOL HOPE 0043E,MOLU13807528401,TH,16250.00,MODIFIED STARCH FOR PAPER MAKING  (CATO 306,"11,427.98",606974.00
20-Mar,BATAAN 2020 INC.,NATIONAL STARCH AND CHEMICAL (THAIL,MOL HORIZON 1101E,MOLU13807546107,TH,17000.00,MODIFIED STARCH FOR PAPER MAKING  (CATO 306,"10,654.92",565876.00
20-Mar,BATAAN 2020 INC.,NATIONAL STARCH AND CHEMICAL (THAIL,MOL HORIZON 1101E,MOLU13807546093,TH,17000.00,MODIFIED STARCH FOR PAPER MAKING  (CATO 306,"10,654.92",565876.00
26-Mar,INGREDION PHILIPPINES INC.,NATIONAL STARCH AND CHEMICAL,MOL HOPE 00043E,MOLU13807528340,TH,54000.00,"MODIFIED STARCH, tapioca","32,270.76",1704051.00
5-Mar,THE PUREFOODS HORMEL COMPANY INC,GENERAL STARCH LTD,NORDCLAIRE,POBUBKK180200071,TH,76500.00,MODIFIED TAPIOCA STARCH,"36,280.89",1927364.00
14-Mar,THE PUREFOODS HORMEL COMPANY INC,GENERAL STARCH LTD,MOL HOPE,BKKCB18001200,TH,76500.00,MODIFIED TAPIOCA STARCH,"36,280.89",1923435.00
26-Mar,THE PUREFOODS HORMEL COMPANY INC,GENERAL STARCH LTD,MOL HOPE,BKKCB18001901,TH,76500.00,MODIFIED TAPIOCA STARCH,"36,280.89",1930201.00
20-Mar,RAM FOOD PRODUCTS INC,"SINO-THAI STARCH CO., LTD",SITC LIAONING V. 1803N,SITGBKMN104233,TH,18000.00,MODIFIED TAPIOCA STARCH,"19,089.84",1005596.00
6-Mar,MONDE NISSIN CORPORATION,GENERAL STARCH LIMITED,NORDCLAIRE V.031N,POBUBKK180200070,TH,19000.00,MODIFIED TAPIOCA STARCH,"13,650.19",721904.00
19-Mar,ENASIA IMPORT EXPORT CORPORATION,GREEN SIAM MARKETING CO LTD,WAN HAI 162 S298,0358X08465,VN,19000.00,MODIFIED TAPIOCA STARCH,"9,702.40",516267.00
19-Mar,THE PUREFOODS HORMEL COMPANY INC,GENERAL STARCH LIMITED,MOL HORIZON,BKKCB18001547,TH,76500.00,MODIFIED TAPIOCA STARCH (GELPRO L),"36,280.89",1927509.00
2-Mar,C.B. ANDREW PHILIPPINES INC.,TAPIOCA DEVELOPMENT CORP LTD,ITAL MASSIMA 0815-110E,EGLV050800134598,TH,20000.00,MODIFIED TAPIOCA STARCH (TAPCO-M),"14,200.00",753839.00
9-Mar,NUTRI-ASIA INC.,TATE & LYLE NETHERLANDS B.V.,THALASSA NIKI 019 E,OOLU4026926460,NL,39500.00,MODIFIED WAXYMAIZE STARCH,"35,312.62",1908362.00
14-Mar,NUTRI-ASIA INC.,TATE & LYLE NETHERLANDS B.V.,THALASSA NIKI 019 E,OOLU4026926470,NL,39500.00,MODIFIED WAXYMAIZE STARCH,"35,312.62",1908362.00
2-Mar,NUTRI-ASIA INC.,TATE & LYLE NETHERLANDS B.V.,THALASSA ELPIDA 020 E,OOLU4044945850,NL,38500.00,MODIFIED WAXYMAIZE STARCH,"34,417.06",1864150.00
9-Mar,NUTRI-ASIA INC.,TATE & LYLE NETHERLANDS B.V.,THALASSA NIKI 019 E,OOLU4026926450,NL,19750.00,MODIFIED WAXYMAIZE STARCH,"17,656.31",957338.00
1-Mar,MC RITZ INTERNATIONAL CORPORATION,"E H M INTERTRADING CO., LTD.",ANDERSON BRIDGE 1803N,SITGBKMN105197,TH,60000.00,MODIFIEDE TAPIOCA STARCH,"36,900.00",1950261.00
14-Mar,WRIGLEY PHILIPPINES INC,JASOL ASIA PACIFIC LIMITED,SITC LIAONING V. 1803N,MPE1800605,TH,5000.00,MOFIFIED STARCH,"5,395.80",287255.00
12-Mar,WALLCROWN DESIGN CENTER INC.,MIDPACK INDUSTRIES (M) SDN BHD,NYK JOANNA 064N,SE1803002001,MY,719.00,MR BOND BT 1000,"7,921.89",415130.00
12-Mar,WU KONG SINGAPORE PTE. LTD. PHIL.,DOW CORNING (0178) CDW,OOCL MIAMI 43,DTW0079854,US,1230.00,NON HAZARDOUS SILICONE PRODUCTS (DOW CORNING,"15,304.46",844041.00
8-Mar,SAN MIGUEL BREWERY INC,ENZYBEL INTERNATIONAL S.A,NYK CRANE 007E,ANR655592,BE,572.00,PERFORMASE,"32,230.92",1732382.00
19-Mar,ALPHATEC CHEMICAL CORP,ALPHA KOGYO K.K,WAN HAI 316 S149,1803FMNL05,JP,1440.00,PERMICRON TOP AU-Z,"11,440.29",627653.00
6-Mar,ART BLISS SPECIALTY PRODUCTS CORP.,SHANDONG DEYUAN EPOXY RESIN,HYUNDAI FORWARD 079N,HDMUQIML4315820,CN,14600.00,POLYAMIDE ADHESIVE,"45,083.10",2359384.00
1-Mar,WU KONG SINGAPORE PTE. LTD. PHIL.,NEDEX CHEMIE DEUTSCHLAND GMBH,ITAL MASSIMA 0817-111W,EGLV560700770157,NL,17357.00,POLYSULFIDE COMPONENT,"66,279.96",3756834.00
21-Mar,WU KONG SINGAPORE PTE. LTD. PHIL.,NEDEX CHEMIE DEUTSCHLAND GMBH,NYK JOANNA 065N,KKLUHAM492447,NL,15936.00,POLYSULFIDE COMPONENT,"56,048.48",3166642.00
19-Mar,GCK INTERNATIONAL INC,UZIN UTZ CONSTRUCTION MATERIALS SHA,HEUNG A GREEN V.0136S,SHAMNL8375802V,CN,3600.00,PRIMER UZIN PE360 PLUS,"7,716.18",407955.00
27-Mar,ALLKEY INTERNATIONAL INC.,SAMJI PROTECTIVE TAPE (CHINA),ISAO V. 1805S,HWLSHA18031134,CN,4157.00,PROTECTIVE FILM TAPE,"32,085.90",1766534.00
7-Mar,ALTERNATIVES FOOD CORP,SCANFLAVOUR A/S,YM WHOLESOME,100002,DK,22000.00,PROTEIN SUBSTANCE (SCANGEL B-100),"19,304.00",1034550.00
8-Mar,ALTERNATIVES FOOD CORP,SCANFLAVOUR A/S,YM WHOLESOME,100001,DK,22000.00,PROTEIN SUBSTANCE (SCANGEL B-100),"19,304.00",1034550.00
8-Mar,ALTERNATIVES FOOD CORP,SCANFLAVOUR A/S,NYK CRANE,102001,DK,22000.00,PROTEIN SUBSTANCE (SCANGEL B-100/2),"19,304.00",1034550.00
7-Mar,ALTERNATIVES FOOD CORP,SCANFLAVOUR A/S,NYK CRANE,102002,DK,22000.00,PROTEIN SUBSTANCE (SCANPREMIUM D-85),"19,304.00",1034550.00
13-Mar,ALTERNATIVES FOOD CORP,SCANFLAVOUR A/S,YM WIND,100001,DK,44000.00,"PROTEIN SUBSTANCE (SCANPREMIUM D-85, SCANGEL","37,904.00",2021551.00
6-Mar,BOSTIK PHILIPPINES INC.,BOSTIK INDIA PRIVATE LIMITED,FELIXSTOWE BRIDGE 059E,MAACB18001150,IN,21300.00,PURBINDER MP830  MP730 & HERB HARD107 ADHESI,"93,516.64",5131774.00
20-Mar,INGREDION PHILIPPINES INC.,NATIONAL STARCH AND CHEMICAL,MOL HORIZON 1101E,MOLU13807546299,TH,36000.00,PURITY 77HV AND SUPER PURITY 1,"27,132.00",1429268.00
5-Mar,FURUKAWA SANGYO KAISHA PHILIPPINES,NISHI TOKYO CHEMIX CORPORATION,CALLAO BRIDGE 125S,YHMNL00600518JP,JP,65.00,QR-3460,"12,273.44",672690.00
1-Mar,KK CONVERTER PHILS INC.,KUO TAI RESIN INDUSTRIAL CO LTD,WAN HAI,0018A06543,TW,14760.00,RAW MATERIALS FOR MANU. PRESSURE SENSITIVE L,"10,332.00",578355.00
14-Mar,KK CONVERTER PHILS INC.,KUO TAI RESIN INDUSTRIAL CO LTD,WAN HAI 162,0018A35868,TW,36000.00,RAW MATERIALS FOR MANUFACTURING PRESSURE SEN,"22,030.00",1218573.00
22-Mar,KK CONVERTER PHILS INC.,KUO TAI RESIN INDUSTRIAL CO LTD,WAN HAI 162,0018A35872,TW,36000.00,RAW MATERIALS FOR MANUFACTURING PRESSURE SEN,"15,616.00",869599.00
6-Mar,CONNELL BROS. COMPANY PILIPINAS INC,ANHUI WANWEI INTERNATIONAL TRADE CO,JI HAI YONG QIANG,EGLV145899861063,CN,12000.00,RE DISPERSIBLE EMULSION POWDER,"20,982.60",1104031.00
28-Mar,MONDELEZ PHILIPPINES INC,FONTERRA LIMITED,CORNELIUS MAERSK V. 1802,14781,NZ,63825.00,RENNET CASEIN 90 MESH CASEINE PRESSURE 90,"432,472.48",22589793.00
22-Mar,MONDELEZ PHILIPPINES INC,FONTERRA LIMITED,SALLY MAERSK V.1802,53646,NZ,47475.00,RENNET CASEIN 90 MESH CASEINE PRESSURE 90,"321,686.35",16804701.00
7-Mar,DSM NUTRITIONAL PRODUCTS PHILIPPINE,DSM NUTRITIONAL PRODUCTS ASIA,KOTA JUYA 0322E,SINCB18003770,SG,5000.00,RONOZYME HIPHOS GT,"74,662.72",4008899.00
19-Mar,UNIVERSAL ROBINA CORPORATION,DSM NUTRITIONAL PRODUCTS ASIA,KOTA JUTA V. 034E,SINCB18007289,SG,19760.00,RONOZYME NP (CT),"168,796.55",9074658.00
20-Mar,REFAMED RESEARCH LABORATORY,ADISSEO ASIA PACIFIC PTE LTD,KOTA JUTA 0324E,SEMNL180310810,SG,5000.00,ROVABIO ADVANCE P 25,"40,000.00",2153865.00
14-Mar,JETBEST ANIMAL NUTRITION AND HEALTH,ADISSEO ASIA PACIFIC PTE LTD,LOBIVIA,SEMNL180201912,SG,4000.00,ROVABIO ADVANCE T-FLEX,"44,000.00",2363063.00
19-Mar,KASAMAHAN KAIBIGAN TRADING,"NINGBO SUNLIT INTERNATIONAL CO., LT",SEASPAN NEW DELHI,COAU7056548020,CN,21693.00,"SCHOOL SUPPLIES-WHITE GLUE ITEM#G-40, ITEM#G","22,216.89",1175342.00
16-Mar,3M PHILIPPINES (EXPORT) INC.,3M FRANCE,CALICANTO BRIDGE 250N,ANR186166722,BE,2736.00,SCOTCH WELD-CONTROLLED,"84,946.32",4643853.00
15-Mar,BOSTIK PHILIPPINES INC.,BOSTIK AUSTRALIA PTY LTD,MOL GUARDIAN 751N,AUPHMNL8A098,AU,15120.00,SEAL N FLEX 1 GREY EXP (ADHESIVES),"60,405.03",3151413.00
16-Mar,BOSTIK PHILIPPINES INC.,BOSTIK AUSTRALIA PTY LTD,MOL GUARDIAN 751N,AUPHMNL8B078,AU,15120.00,SEAL N FLEX 1 WHITE EXP (ADHESIVE),"59,677.44",3113585.00
22-Mar,BOSTIK PHILIPPINES INC.,BOSTIK AUSTRALIA PTY LTD,CMA CGM BELLINE 301N,AUPHMNL121029,AU,26221.00,SEAL N FLEX 1 WHITE GREY FIREBAN 1 LIMESTONE,"106,316.05",5554793.00
26-Mar,PILIPINAS KYOHRITSU INC.,"SUMITOMO WIRING SYSTEMS, LTD",CALLAO BRIDGE V126S,JPPHTYO03170,JP,197.00,SEALANT,"5,018.66",276442.00
20-Mar,SIKA PHILIPPINES INC.,SIKA AUSTRALIA PTY LTD.,CMA CGM CHOPIN / 301N,SYD0024792,AU,3820.00,SIKADUR 53 18KG KIT,"10,344.12",572648.00
15-Mar,STT PHILIPPINES INC,STT INC.,CAPE NABIL 034S,YOKACE95355,JP,9027.00,SILICON SEAL AGENT,"130,564.23",6999626.00
6-Mar,ALLGEMEINE BAU CHEMIE PHIL INC,MOMENTIVE PERFORMANCE MATERIALS (TH,MOL SEABREEZE,GTD0393147,TH,14400.00,SILICON SEALANTS BULK OXIME TOP490N,"62,640.00",3274370.00
21-Mar,KDTECHNOLOGIES INC.,KYOEI DENKI SINGAPORE PTE LTD,NYK JOANNA 065N,SIN0695232,SG,1683.00,SILICONE COMPOUND-CONTROLLED,"82,007.97",4484326.00
7-Mar,ACBEL POLYTECH PHILIPPINES INC.,SOONEST EXPRESS H.K. CO LTD.,ASIATIC ECLIPSE V.130S,HKGMNL182185,HK,6764.00,SILICONE RUBBER,"41,820.09",2291952.00
16-Mar,ACBEL POLYTECH PHILIPPINES INC.,SOONEST EXPRESS H.K. CO LTD.,YOSSA BHUM V.224N,HKGMNL183025A,HK,2086.00,SILICONE RUBBER,"14,255.38",779755.00
23-Mar,DENROX BLESS INTERNATIONAL TRADING,HEBEI YUEHAN TRADING CO LTD,ISAO,34137,CN,12000.00,SILICONE SEALANT,"12,249.84",648263.00
5-Mar,MGM FOOD & COMMODITIES CORP.,ROYAL INGREDIENTS GROUP HK LTD,HYUNDAI GLORY V092S,HDMUQIML5672005,CN,25000.00,SOY PROTEIN ISOLATE,"57,750.00",3026250.00
16-Mar,FRABELLE CORPORATION,QINGDAO LANKANG INTERNATIONAL,MARIA SCHULTE,AAJY008665,CN,22000.00,SOY PROTEIN ISOLATE PUREPRO 90E,"50,820.00",2658506.00
23-Mar,FRABELLE CORPORATION,QINGDAO LANKANG INTERNATIONAL,COSCO FUKUYAMA 062S,COAU7042148440,CN,22000.00,SOY PROTEIN ISOLATED PUREPRO 90E,"52,360.00",2751734.00
20-Mar,LATICRETE PHILIPPINES INC.,LATICRETE INTERNATIONAL INC,GERDA MAERSK,5044,US,6819.00,SPECTRALOCK GROUT,"8,173.85",453163.00
8-Mar,CARGILL TEXTURIZING SOLUTIONS,CARGILL INCORPORATED,IWASHIRO V. 252S,NYKSCHIU09086100,US,15876.00,STABITEX-INSTANT 12624 MODIFIED  STARCH,"22,860.96",1237614.00
15-Mar,UYSEKUA INDUSTRIAL CORPORATION,OFFISERVICE GMBH,COLOMBO EXPRESS,DEBRE492818300156,DE,720.00,STAPLE GLUE,"7,018.76",389161.00
13-Mar,PHILIPPINE DESICCANTS INC.,AP TECH CORP.,IWASHIRO 252S,KKLUJPKS146163,JP,1280.00,STARCH,"8,733.84",470193.00
15-Mar,PACKAGEWORLD INC.,"CHUEN HUAH CHEMICAL CO., LTD.",COLOMBO 038S,MN1803615N,TW,8100.00,STARCH CROSSLINKING AND WATERPROOFING,"12,671.23",685978.00
5-Mar,PROCTER & GAMBLE PHILIPPINES INC,GENENCOR INTERNATIONAL B.V.,APL CHANGI,ANT1134561,FI,10000.00,STC 1X20 PREFERENZ,"53,725.30",2893463.00
27-Mar,PROCTER & GAMBLE PHILIPPINES INC,NOVOZYMES A/S KROGSHOJVEJ 36,NYK OCEANUS V. 052EE,CPH32102348,DK,4000.00,STC ECLIPSE (91407951),"63,143.28",3400426.00
27-Mar,TEMIC AUTOMOTIVE (PHILS.) INC.,DOW EUROPE GMBH C/O DSV LOGISTICS,ATACAMA 008E,ANR0057767,BE,909.00,STC HARMLESS CHEMICAL ADHESIVE SEALANT BLACK,"11,990.68",662341.00
13-Mar,PROCTER & GAMBLE PHILIPPINES INC,NOVOZYMES (CHINA) BIOTECHNOLOGY CO,MAERSK STOCKHOLM V 1802,TSN32101072,CN,2000.00,STC MEDLEY (91667020),"15,519.07",813550.00
13-Mar,PROCTER & GAMBLE PHILIPPINES INC,NOVOZYMES (CHINA) BIOTECHNOLOGY CO,MAERSK STOCKHOLM V 1802,TSN32101071,CN,2000.00,STC MEDLEY (91667020),"15,519.07",813550.00
8-Mar,S.D. TRADING CORPORATION,SUNSTAR CHEMICAL (THAILAND),ITAL MILIONE,EGLV050800152472,TH,23903.00,SUNSTAR BRAND SEALING COMPOUND,"17,172.52",955842.00
22-Mar,BOSTIK PHILIPPINES INC.,CORKJOINT SINGAPORE PTD LTD,NYK JOANNA 065N,NJO065NM1712,SG,12090.00,SUPERSWELL 47B HYDROPHILIC BUTYL WATERSTOP S,"54,405.00",2987080.00
15-Mar,BRENNTAG INGREDIENTS INC.,SOLAE LLC,MAERSK SEMAKU 807S,27545,US,18000.00,SUPRO 500E,"62,396.00",3299818.00
7-Mar,BRENNTAG INGREDIENTS INC.,ROQUETTE FRERES,APL TEMASEK,LHV1756524,FR,29975.00,TACKIDEX I 231,"60,485.71",3261085.00
6-Mar,PURECHEM CORPORATION,THAI-MC COMPANY LIMITED,NORDCLAIRE V.031N,HDMUBKML0885838,TH,18000.00,TAPIOCA MODIFIED STARCH MR-300,"15,694.17",828660.00
22-Mar,BRENNTAG INGREDIENTS INC.,NOVZYMES (CHINA) BIOTECHNOLOGY,TRF PRAIA 279XWS,TSN31102903,CN,11.00,T-BLEND SAVINASE/STAINZYME/LIPEX/MANNAWAY 6.,"72,772.56",3807923.00
27-Mar,HENKEL PHILIPPINES INC.,HENKEL (CHINA) INVESTMENT,ISAO V.1805S,300045,CN,914.00,TECHNOMELT DM 519A BLUE,"11,196.04",619616.00
27-Mar,HENKEL PHILIPPINES INC.,HENKEL CORPORATION,ARCHIMIDS V. 103W,HOU090871,US,444.00,TECHNOMELT DM 519A BLUE BX-CP 1KG,"5,816.69",324655.00
15-Mar,HENKEL PHILIPPINES INC.,HENKEL CHEMICAL TECHNOLOGIES,TORRES STRAIT VOY 1807,SHA100459,CN,2973.00,TECHNOMELT EASY-PAC 100 25KG,"9,946.02",522311.00
1-Mar,HENKEL PHILIPPINES INC.,HENKEL CHEMICAL TECHNOLOGIES,GREEN ACE 0138S,SHA817694,CN,3000.00,TECHNOMELT EASY-PAC 100 25KG,"9,861.15",522354.00
22-Mar,HENKEL PHILIPPINES INC.,HENKEL GLOBAL SUPPLY CHAIN B.V,MARETE MAERSK 805E,BRE180208121569,NL,2724.00,"TECHNOMELT EM 362 14KG,","9,510.81",526671.00
13-Mar,HENKEL PHILIPPINES INC.,HENKEL GLOBAL SUPPLY CHAIN B.V,MAYVIEW MAERSK 802E,BRE180108122272,NL,2716.00,"TECHNOMELT PUR CLEANER ME 4KG,","9,549.22",530727.00
26-Mar,INGREDION PHILIPPINES INC.,NATIONAL STARCH AND CHEMICAL,MONACO 0039,MOLU13807527806,TH,81050.00,TEXTAID P/ NOVATION(TM) 3300/ CRISPIOCA/,"107,498.47",5631387.00
19-Mar,INGREDION PHILIPPINES INC.,INGREDION INC. 5 WESTBROOK,NYK TRITON 068W,NYKSCHITK4668300,US,18371.00,THERMEX (TRUETRACE IP),"19,954.15",1087151.00
26-Mar,INGREDION PHILIPPINES INC.,INGREDION INC. 5 WESTBROOK,MOL PRESTIGE 048W,NYKSCHITK4640700,US,18371.00,THERMEX (TRUETRACE IP),"19,954.15",1088674.00
1-Mar,ROSPARE ENTERPRISE,ENNIS MANUFACTURING SDN BHD,BUXMELODY,SNKO160180100376,MY,26000.00,THERMO PLASTIC ROAD MARKING COMPOUND WHITE 5,"13,780.00",731358.00
7-Mar,STARKEN PHILIPPINES INC.,STARKEN AAC SDN. BHD.,MV EVER BIRTH,EGLV091830007851,MY,54450.00,"THIN BED ADHESIVE, SKIM COAT BASE, SKIM COAT","9,578.16",542958.00
9-Mar,MARIWASA-SIAM CERAMICS INC.,SCG TRADING CO LTD,SITC LIAONING 1803N,SITGBKMN105415,TH,50000.00,TILE ADHESIVE,"5,332.92",293634.00
15-Mar,TRANS WORLD TRADING COMPANY,TOYOCHEM SPECIALTY CHEMICAL SDN BHD,MAIN TRADER   1649 -038N,EGLV091830067748,MY,16000.00,TM-585 - 60M-DM- PH,"59,328.20",3106473.00
16-Mar,DRAPERY HARDWARE INC.,FOSHAN GRK COMMERCIAL CO LTD,MAGNAVIA 18005S,QN20180308S,CN,420.00,TOP COAT A B   PRIMER A B,"5,353.42",285236.00
5-Mar,EC STRUCTURAL COMPOSITES INC,Fyfe Asia PTE ltd,HERMA P V.18001E,2503,SG,1786.00,TYFO  S EPOXY,"9,980.78",554236.00
7-Mar,UNIVERSAL ROBINA CORPORATION,BDP NETHERLANDS B.V.,NYK JOANA V.064N,RTMA07695,NL,1800.00,VERSA WHIP,"47,044.80",2483094.00
28-Mar,UNIVERSAL ROBINA CORPORATION,KERRY INGREDIENTS & FLAVOURS,SEASPAN ZAMBEZI V.008E,RTMA08161,IE,1800.00,VERSA WHIP,"47,044.80",2486804.00
7-Mar,BELDAN MARKETING,DEMECH CHEMICAL PRODUCTS,HYUNDAI SPELENDOR 154E,GOSUBOM6198257,IN,6206.00,"WEARING COMPOUNDING,BACKING COMPOUNDING","19,705.87",1083402.00
27-Mar,KASAMAHAN KAIBIGAN TRADING,"NINGBO SUNLIT INTERNATIONAL CO., LT",COSCO FUKUYAMA,COAU7056548930,CN,22080.00,"WHITE GLUE-ITEM#G-40, ITEM#G-100","22,617.28",1197923.00
19-Mar,KASAMAHAN KAIBIGAN TRADING,"NINGBO SUNLIT INTERNATIONAL CO., LT",ISAO,SITGNBMN285162,CN,47831.00,"WHITE GLUE-ITEM#G-40, ITEM#G-100, ITEM#88151","36,210.11",1907917.00
5-Mar,CHAIN GLASS ENTERPRISES INC.,DOW EUROPE GMBH C/O DSV LOGISTICS,QR8246/22,ZAV0063206,BE,1319.00,=DOWSIL 896 PANEFLIX BLACK,"16,385.87",903699.00
5-Mar,3M PHILS. INC.,3M APAC RDC PTE LTD,5J804,C77400644,SG,403.00,1265 LBS 3764 JET MELT QUAD RK ADH,"5,582.97",308728.00
20-Mar,STMICROELECTRONICS INC.,HENKEL TECHNOLOGIES (KOREA) LTD,KE621,AMO288598,KR,86.00,"1900 GM LOCTITE ABLESTIK QM1519, 9840 GM L.A","30,264.03",1661907.00
8-Mar,STMICROELECTRONICS INC.,HENKEL KOREA LTD,KE621,AMO288591,KR,122.00,19680.00 GM LOCTITE ABLESTIK,"54,102.20",2963113.00
17-Mar,STMICROELECTRONICS INC.,HENKEL KOREA LTD,KE621,AMO288597,KR,46.00,"2185.00 NE LOCTITE ABLESTICK QM1519, 1025 NE","7,419.01",408570.00
23-Mar,STMICROELECTRONICS INC.,HENKEL MALAYSIA SDN.BHD,KE621,TAO58053790,MY,696.00,219.62 KG LOCTITE ECCOBOND EO1061,"23,357.73",1285914.00
12-Mar,3M PHILS. INC.,3M SHANGHAI SPECIALTY,JL741,SHA10102326,CN,617.00,2555 M GCLF 467MP 50 IN 2500M PRODU,"5,969.42",331669.00
23-Mar,STMICROELECTRONICS INC.,HENKEL KOREA LTD,KE621,AMO288602,KR,57.00,2882.00 NE LOCTITE ABLESTIK ETC,"6,405.47",356724.00
13-Mar,NANOS TECH ELECTRONICS CORP.,NANOS CO LTD,KE621,PNX114842,KR,7.00,3103 BOND,"12,483.80",688330.00
13-Mar,STMICROELECTRONICS INC.,ABLESTIK (SHANGHAI) LTD,CX935,SHA82888380,CN,135.00,3416.00 GM LOCTITE ABLESTIK ABP 8420,"15,385.84",846185.00
24-Mar,STMICROELECTRONICS INC.,ABLESTIK (SHANGHAI) LTD,CX935,SHA82888408,CN,135.00,3416.00 NE LOCTITE ABLESTIK ABP 8420,"14,365.91",793067.00
15-Mar,SFA SEMICON PHILIPPINES CORPORATION,CHEM-INTER CORPORATION,PR431,TYO19560774,JP,75.00,350.00 PC SPARKLE FLUX,"19,387.09",1066884.00
16-Mar,REPUBLIC CHEMICAL INDUSTRIES INC.,POLYMERIC SYSTEMS INC,TK084,AX17568,US,835.00,"36 AQUAMEND, 36 REP IT QUICK, 10-08 SKIDPACK","9,888.94",547039.00
15-Mar,STMICROELECTRONICS INC.,HENKEL ELECTRONICS MAT. (BELGIUM)NV,QR928,BUD00022519,BE,140.00,38.00 NE LOCTITE ECCOBOND EO1061 1QTX,"6,124.59",341257.00
14-Mar,ELEMATEC PHILIPPINES INC,ELEMATEC CORPORATION,JL741,NEC61479084,JP,284.00,3M EW2045 ADHESIVE,"42,968.74",2351857.00
15-Mar,STMICROELECTRONICS INC.,HENKEL ELECTRONIC MATERIALS LLC,CX907,71461,US,38.00,6.00 NE LOCTITE ABLESTIK C115,"14,094.72",777115.00
22-Mar,STMICROELECTRONICS INC.,HENKEL ELECTRONIC MATERIALS LLC,BR271,74736,US,37.00,6.00 NE LOCTITE ABLESTIK C115,"11,355.74",628162.00
5-Mar,VISHAY (PHILS.) INC.,SOLEPOXY INC,PR127,ROC87055951,US,152.00,85.72 KG EPOXY POWDER-PELLETS,"5,542.84",306127.00
12-Mar,VISHAY (PHILS.) INC.,SOLEPOXY INC,PR127,ROC87056036,US,152.00,85.72 KG EPOXY POWDER-PELLETS,"5,542.84",305496.00
19-Mar,CIRTEK ELECTRONICS CORPORATION,CIRTEK SEMICONDUCTOR INC.,CX901,JSI05045091,US,61.00,ABLESTIK EPOXY,"20,548.20",1131739.00
6-Mar,CIRTEK ELECTRONICS CORPORATION,CIRTEK SEMICONDUCTOR INC.,PR103,JSI05045010,US,43.00,ABLESTIK EPOXY (FROZEN ADHESIVE),"25,643.94",1410723.00
10-Mar,ELEMATEC PHILIPPINES INC,ELEMATEC CORPORATION,PR0431,16793,JP,1517.00,ADHESIVE,"84,413.70",4614223.00
2-Mar,SMK ELECTRONICS PHILS CORP,THREE BOND(S)PTE LTD,FX5158,91586,SG,28.00,ADHESIVE,"10,947.16",604882.00
20-Mar,DYSON ELECTRONICS PTE LTD PH BRANCH,MGY TECHNOLOGY CO.  LTD.,LD 0457,57556,TW,21.00,ADHESIVE,"5,622.64",313400.00
3-Mar,TDK PHILIPPINES CORPORATION,KONISHIYASU CO LTD,CX0905,NEC61174061,JP,11.00,ADHESIVE,"5,537.63",308727.00
12-Mar,DYSON ELECTRONICS PTE LTD PH BRANCH,MGY TECHNOLOGY CO LTD,LD 0457,66414,TW,44.00,ADHESIVE - AS-5501,"11,683.05",643808.00
8-Mar,DYSON ELECTRONICS PTE LTD PH BRANCH,HENKEL SINGAPORE PTE LTD,SQ910,NNRSG0158993,SG,450.00,ADHESIVE - LOCTITE 3556 (COMPONENT),"138,525.15",7568014.00
20-Mar,EATON INDUSTRIES PHILIPPINES LLC P,EPOXYSET INC,JL741,NEU24462546,US,603.00,ADHESIVE ONE PART,"53,760.00",2942996.00
8-Mar,MITSUMI PHILIPPINES INC.,HERAEUS ZHAOYUAN ELECTRONIC,LD457,1653,CN,148.00,ADHESIVE PD955M JET17,"12,763.20",731981.00
24-Mar,SUNPOWER PHILIPPINES MANUFACTURING,MERASIA LIMITE OB TEKNEK CHIN ALTD,CX919,NNRHKG244081,HK,106.00,ADHESIVE ROLL,"11,271.55",623550.00
6-Mar,SANYO DENKI PHILIPPINES INC.,NABELIN CO LTD,JL745,KKS15187686,JP,102.00,ADHESIVE SCOTCH WELD,"23,005.00",1264705.00
9-Mar,CEBU YMTECHNOLOGY INC.,"SAGAMI SHOKO CO.,LTD.",PR431,YJP21075751,JP,381.00,ADHESIVE TAPE,"132,421.85",7234853.00
26-Mar,HARVESTAR TECHNOLOGIES INC,HARVESTAR SOLUTIONS LIMITED,CX919,NNRHKG243536,CN,95.00,ADHESIVE TAPE BROKEN DEFECTIVE CELLULAR ETC,"20,761.00",1143658.00
21-Mar,IM DIGITAL PHIL INC,IM CO. LTD,KE621,PNX114998,KR,88.00,ADHESIVE TP,"21,682.40",1193859.00
14-Mar,IM DIGITAL PHIL INC,IM CO. LTD,KE621,PNX114859,KR,81.00,ADHESIVE TP,"18,756.93",1031419.00
9-Mar,IM DIGITAL PHIL INC,IM CO. LTD,KE621,PNX114765,KR,40.00,ADHESIVE TP,"9,590.24",529941.00
26-Mar,APM TECHNICA AG,EPOXY TECHNOLOGY,FX5158,736777,US,20.00,ADHESIVES EPOXY RESIN,"26,128.66",1437714.00
13-Mar,APM TECHNICA AG,APM TECHNICA GMBH,FX5158,33337,US,13.00,ADHESIVES EPOXY RESIN,"6,405.68",355482.00
5-Mar,APM TECHNICA AG,EPOXY TECHNOLOGY,FX5158,35049,US,76.00,ADHESIVES EPOXY RESIN,"6,002.27",334142.00
14-Mar,ABS-CBN STUDIOS INC,INSUL-QUILTS INC.,CX907,APE933091,US,420.00,AMERICAN INSULATION HANGER (FRANKLIN INTERNA,"6,310.70",350298.00
10-Mar,EPSON PRECISION(PHILIPPINES) INC.,HITACHI CHEMICAL ASIA-PACIFIC,JL741,YJP18905386,SG,24.00,ANISOTROPIC CONDUCTIVE FILM-FT,"15,330.00",843137.00
3-Mar,EXCELITAS TECHNOLOGIES PHILIPPINES,"APTEK LABORATORIES, INC.",CX907,YUS02813296,US,161.00,APTEK 6110A/B ENCAPSULANT ADHESIVE,"5,478.30",305481.00
7-Mar,ELEMATEC ANGELES INC.,ELEMATEC CORPORATION,PR431,HEI42490162,JP,34.00,BOND,"8,063.60",447423.00
8-Mar,CONTINENTAL TEMIC ELECTRONICS PHILS,BONDLINE ELECTRONIC ADHESIVES INC,BR271,NEU50401945,US,28.00,BONDLINE FILL SYRINGE,"5,268.48",293405.00
14-Mar,B/E AEROSPACE B.V. - (PHIL BRANCH),CRAFTSMAN TOOLS LTD,WY843,LHR14721190,US,652.00,BRACKET,"42,228.92",2311471.00
26-Mar,NSEBIO CO. LTD. PHILIPPINE BRANCH,NOVOZYMES NORTH AMERICA INC.,NH869,3144,US,300.00,CELLIC CTEC3 HS (ENZYME),"5,095.20",279633.00
6-Mar,PHIL. MFG. CO. OF MURATA INC.,"MURATA MANUFACTURING CO.,LTD",NH869,YJP21152036,JP,1090.00,"CERAMIC PASTE (CHEMICAL), ETC.","58,859.45",3225970.00
16-Mar,EQUIPMENT ENGINEERS INC.,CETCO POLAND CETCO SP Z O O SKA,PR721,7555,PL,1440.00,CETCO WATERSTOP RX,"21,715.83",1188614.00
16-Mar,EQUIPMENT ENGINEERS INC.,CETCO POLAND CETCO SP Z O O SKA,PR721,7555,PL,1547.00,CETSEAL ADHESIVE,"23,335.00",1276896.00
19-Mar,IMCD PHILIPPINES CORPORATION,KMC KARTOFFELMELCENTRALEN AMBA,TG624,4353,DK,1800.00,CHEESEMAKER CF03 (MODIFIED POTATO STARCH),"11,752.42",636749.00
6-Mar,NIDEC PHILIPPINES CORPORATION,"KAKEN TECH CO., LTD",PR407,945583,JP,19.00,CONDUCTIVE ADHESIVE,"5,275.20",305900.00
16-Mar,BRENNTAG INGREDIENTS INC.,DUPONT NUTRITION BIOSCIENCES,EK332,DH21507,DK,300.00,DANISCO (TM) STC: POWERFRESH BREAD 9030,"10,621.04",576033.00
13-Mar,HAAS GROUP INTERNATIONAL PHILIPPINE,CYTEC ENGINEERED MATERIALS,CA179,S00112271,US,37.00,DAPCO 2100 PRIMERLESS FIREWALL SEALANT,"16,477.50",941710.00
14-Mar,HAAS GROUP INTERNATIONAL PHILIPPINE,NETMRO,CX919,S00112422,US,68.00,DAPCO 2100 PRIMERLESS FIREWALL SEALANT,"13,120.20",745179.00
12-Mar,HARVESTAR TECHNOLOGIES INC,HARVESTAR SOLUTIONS LIMITED,PR301,NNRHKG242277,CN,41.00,D-COVER ASSEMBLY ADHESIVE TAPE ETC,"12,233.00",673829.00
28-Mar,MAXTRONIX INC.,DYMAX ASIA PACIFIC PTE LTD,FX5158,618041,SG,28.00,DHESIVES,"10,373.54",570202.00
31-Mar,ADERANS PHILIPPINES INC,"NIHON UNIPOLYMER CO., LTD",PR431,54234,JP,2.00,DIARY MONO-FILAMENT BR,"18,376.64",1043054.00
1-Mar,ON SEMICONDUCTOR PHILIPPINES INC.,SUMITOMO BAKELITE SINGAPORE,PR502,DIM023228015,SG,105.00,DIE ATTACH PASTE,"38,305.00",2101626.00
15-Mar,ON SEMICONDUCTOR PHILIPPINES INC.,SUMITOMO BAKELITE SINGAPORE,PR508,DIM023228894,SG,147.00,DIE ATTACHED PASTE,"53,091.00",2910654.00
22-Mar,ON SEMICONDUCTOR PHILIPPINES INC.,SUMITOMO BAKELITE SINGAPORE,PR502,DIM023229349,SG,145.00,DIE ATTACHED PASTE,"48,115.00",2642186.00
27-Mar,ON SEMICONDUCTOR PHILIPPINES INC.,SUMITOMO BAKELITE SINGAPORE,PR502,DIM023229948,SG,145.00,DIE ATTACHED PASTE,"48,115.00",2642186.00
7-Mar,ON SEMICONDUCTOR PHILIPPINES INC.,SUMITOMO BAKELITE SINGAPORE,PR508,DIM023228310,SG,142.00,DIE ATTACHED PASTE,"42,775.00",2346138.00
8-Mar,MSPECIALTY PRINTING PHILIPPINES INC,MSP INC,CX935,NEC61266796,JP,50.00,DIE CUT ROLL,"8,578.66",468785.00
2-Mar,TI (PHILIPPINES) INC.,DOW CORNING CORP.,DL181,7PT8838,US,211.00,DOW CORNING (R) 1-4173 THERMALLY CONDUCTIVE,"24,076.11",1323295.00
5-Mar,AMERTRON INC.,UNITED RESIN CORPORATION,CI0703,AOCH05724420,US,101.00,EL CAST SS W/203 KIT (ADHESIVE),"7,048.21",390232.00
5-Mar,JAIRATECH INC.,HUNSTMAN ADVANCED MATERIALS,CI5879,92483,US,110.00,EPOCAST 1629 A/B,"12,195.06",673143.00
20-Mar,EATON INDUSTRIES PHILIPPINES LLC P,EPOXYSET INC,JL741,NEU24462546,US,224.00,EPOXY,"19,997.60",1098222.00
5-Mar,EATON INDUSTRIES PHILIPPINES LLC P,EPOXYSET INC,NH869,NEU24459536,US,612.00,EPOXY ADHESIVE,"57,924.16",3174808.00
17-Mar,EATON INDUSTRIES PHILIPPINES LLC P,EPOXYSET INC,JL741,NEU24461043,US,612.00,EPOXY ADHESIVE,"54,457.20",2985393.00
21-Mar,ELEMATEC PHILIPPINES INC,"THAI DAIZO NICHIMOLY CO., LTD.",TG620,TST01057829,TH,81.00,EPOXY ADHESIVE NICBOND,"5,598.60",312086.00
7-Mar,INTEGRATED MICRO-ELECTRONICS INC.,HERAUS ROMANIA,5X0138,A35671TX,RO,8.00,EPS DCB SUBSTRATE,"9,669.71",535633.00
13-Mar,CHIYODA PHILIPPINES MANUFACTURING,CHIYODA MANUFACTURING CORP,NH0819,NEC61244665,JP,183.00,FILLER,"5,568.25",309769.00
12-Mar,B/E AEROSPACE B.V. - (PHIL BRANCH),MANKIEWICZ GEBR. & CO.,KL807,FFM84160385,DE,3159.00,FINALIN POLYESTER SCHNELLSPACHTEL 2,"34,566.44",1893199.00
17-Mar,N.T. PHILIPPINES INC.,TAIFLEX SCIENTIFIC CO. LTD.,CI703,14988,TW,138.00,FLEXBOND COVERLAY,"8,747.28",484334.00
7-Mar,N.T. PHILIPPINES INC.,TAIFLEX SCIENTIFIC CO. LTD.,CI703,14941,TW,110.00,FLEXBOND COVERLAY,"6,213.29",345687.00
13-Mar,NIKKOSHI PHILIPPINES CORPORATION,"NIKKOSHI CO.,LTD.",FX5158,93040,JP,49.00,GAITHO EBW TYPE S,"8,085.28",444527.00
14-Mar,HYSONIC PHILIPPINES INC,"RBK EMD CO., LTD",CX901,SEE1803308,KR,332.00,"GLUE AY-5219,ETC","61,908.04",3385701.00
22-Mar,MAXTRONIX INC.,DYMAX ASIA PACIFIC PTE. LTD,FX5158,407947,SG,24.00,GLUES OR ADHESIVES,"5,062.34",278180.00
7-Mar,HENKEL PHILIPPINES INC.,"HENKEL LOCTITE(CHINA)CO.,LTD.",KE621,TAO839451,CN,244.00,HENKEL (TM) STC:  SEALANT (LOCTITE AA 326 /,"9,375.60",518666.00
9-Mar,HENKEL PHILIPPINES INC.,HENKEL LOCTITE (CHINA) CO. LTD,CX907,TAO839452,CN,232.00,HENKEL (TM) STC: ADHESIVE ( LOCTITE 416,"13,061.13",719035.00
14-Mar,HENKEL PHILIPPINES INC.,HENKEL GLOBAL SUPPLY  CHAIN,QR0928,2910,NL,660.00,HENKEL (TM) STC: CHEMICALS (LOCTIRE ECCOBOND,"19,054.03",1046419.00
22-Mar,H.B FULLER (PHILIPPINES) INC.,H.B FULLER (CHINA) ADHESIVES LTD,NH869,12782,CN,2880.00,HOT MELT ADHESIVES NW-1151ZP,"27,835.82",1529072.00
7-Mar,PIVOT-HAWKS MANILA. INC,ELLSWORTH ADHESIVES,CI5841,CHI10099507,US,213.00,HUMISEAL 1B73,"10,331.60",560458.00
6-Mar,INGREDION PHILIPPINES INC.,INGREDION CHINA LIMITED,CX913,96142,CN,3000.00,INGREDDION (TM) STC: MODIFIED STARCH,"22,239.55",1164974.00
7-Mar,INGREDION PHILIPPINES INC.,INGREDION SINGAPORE PTE LTD,SQ0910,51391,SG,5085.00,INGREDION (TM) STC: FOOD STARCH,"33,561.07",1807203.00
6-Mar,INGREDION PHILIPPINES INC.,INGREDION CHINA LIMITED,CX913,96680,CN,5250.00,INGREDION (TM) STC: MODIFIED STARCH,"38,536.78",2014044.00
2-Mar,INGREDION PHILIPPINES INC.,INGREDION CHINA LIMITED,CX935,47620,CN,6000.00,INGREDION (TM) STC: MODIFIED STARCH (THERMTE,"44,396.10",2319309.00
1-Mar,INGREDION PHILIPPINES INC.,INGREDION CHINA LIMITED,CX919,47572,CN,6000.00,INGREDION (TM) STC: MODIFIED STARCH (THERMTE,"44,051.77",2310148.00
14-Mar,HILTI PHILIPPINES INC.,HILTI AKTIENGESELLSCHAFT,EY424,8555,CH,1563.00,INJECTABLE MORTAR,"25,735.11",1411122.00
21-Mar,BARENTZ PHILIPPINES INC.,NOVOZYMES MALAYSIA SDN BHD,MH6070,KUL1803004,MY,360.00,LIPOZYME TL IM (ENZYME),"23,205.91",1251639.00
26-Mar,HONDA PHILIPPINES INC.,THREE BOND SINGAPORE PTE LTD,5J806,SIN1609955,SG,80.00,LIQUID GASKET,"8,383.00",465057.00
12-Mar,TONG HSING ELECTRONICS PHILS. INC.,HENKEL ELECTRONICS SEMICONDUCTOR MA,BR277,A33034,US,42.00,LOCTITE,"25,252.54",1386420.00
26-Mar,INTEGRATED MICRO-ELECTRONICS INC.,HENKEL LOCTITE,OZ701,UYN00008702,CN,119.00,LOCTITE,"19,517.02",1076780.00
26-Mar,INTEGRATED MICRO-ELECTRONICS INC.,HENKEL LOCTITE,OZ701,UYN00008724,CN,129.00,LOCTITE,"17,642.16",999866.00
27-Mar,INTEGRATED MICRO-ELECTRONICS INC.,HENKEL ELECTRONIC MATERIALS,CX919,ULA01223633,US,40.00,LOCTITE,"16,415.94",906693.00
19-Mar,TEMIC AUTOMOTIVE (PHILS.) INC.,HENKEL ELECTRONIC MATERIALS LLC,CX907,NEU61110755,US,175.00,LOCTITE,"15,674.27",863774.00
19-Mar,INTEGRATED MICRO-ELECTRONICS INC.,HENKEL LOCTITE,OZ701,UYN00008676,CN,84.00,LOCTITE,"9,068.40",502490.00
4-Mar,INTEGRATED MICRO-ELECTRONICS INC.,HENKEL LOCTITE CHINA CO. LTD,OZ701,UYN00008643,CN,82.00,LOCTITE,"9,068.40",501862.00
16-Mar,TONG HSING ELECTRONICS PHILS. INC.,HENKEL TECHNOLOGIES KOREA LIMITED,PR467,DSF1803020F,KR,27.00,LOCTITE,"7,894.89",438217.00
19-Mar,INTEGRATED MICRO-ELECTRONICS INC.,HENKEL LOCTITE CO LTD,OZ701,UYN00008680,CN,265.00,LOCTITE,"7,765.63",431138.00
15-Mar,INTEGRATED MICRO-ELECTRONICS INC.,HENKEL LOCTITE CO LTD,OZ701,UYN00008654,CN,38.00,LOCTITE,"5,882.03",327972.00
20-Mar,AMPLEON PHILIPPINES INC,HENKEL ELECTRONIC MATERIALS,PR103,LAX540947,US,152.00,LOCTITE ABLESTIK,"63,869.57",3500296.00
26-Mar,AMPLEON PHILIPPINES INC,HENKEL ELECTRONIC MATERIALS,PR103,LAX541082,US,35.00,LOCTITE ABLESTIK,"19,488.00",1073920.00
15-Mar,AMERTRON INCORPORATED,MATERIAL TECHNOLOGY PTE LTD.,SQ910,SIN10913339,SG,56.00,LOCTITE ABLESTIK 5025E-.004 KNOWN AS ABLEFIL,"32,113.01",1765144.00
5-Mar,AMERTRON INCORPORATED,HENKEL ELECTRONIC MATERIAL LLC,CX907,AOLA01056403,US,54.00,LOCTITE ABLESTIK 526W01 known as: TRABOND 52,"9,376.82",519343.00
14-Mar,VISHAY (PHILS.) INC.,ABLESTIK (SHAGHAI) LTD.,CX935,DIM042104046,CN,275.00,LOCTITE ABLESTIK 84-1LMISR4 KNOWN AS: ABLEBO,"14,973.72",824659.00
9-Mar,VISHAY (PHILS.) INC.,ABLESTIK (SHAGHAI) LTD.,CX913,DIM042103961,CN,275.00,LOCTITE ABLESTIK 84-1LMISR4 KNOWN AS: ABLEBO,"14,973.72",824659.00
8-Mar,AMERTRON INC.,MATERIAL TECHNOLOGY PTE LTD,SQ910,SIN10913303,SG,35.00,LOCTITE ABLESTIK C850-5A (ADHESIVE),"10,450.13",575898.00
2-Mar,B/E AEROSPACE B.V. - (PHIL BRANCH),MAGNOLIA ADVANCED MATERIALS INC,CI5841,CLT24098717,US,232.00,MAGNOLIA 7010B,"13,617.63",750959.00
12-Mar,B/E AEROSPACE B.V. - (PHIL BRANCH),MAGNOLIA ADVANCED MATERIALS INC,CI5879,CLT24099041,US,235.00,MAGNOLIA 7010B,"13,160.33",724450.00
29-Mar,SHIMANO (PHILIPPINES) INC.,INTRA-MOLD HOLDINGS SDN BHD,LD 0457,55794,MY,74.00,MOLD FOR PRODUCTION USE,"5,499.21",307624.00
8-Mar,NESTLE PHILIPPINES INC.,NOVOZYMES A/S,EK334,42818,DK,1255.00,ONDEO PRO A ENZYME / NOVOZYM 26210 ENZYME,"39,578.74",2130112.00
8-Mar,AMERTRON INCORPORATED,SOL EPOXY INC.,PR127,AONY04029266,US,318.00,"OP7000 CL, EPOXY POWDER-PELLETS","16,624.43",914875.00
15-Mar,SMK ELECTRONICS PHILS CORP,LG CHEM LTD,KE621,GPL9341577,KR,336.00,OPTICAL CLEAR ADHESIVE,"12,968.59",688516.00
1-Mar,SMK ELECTRONICS PHILS CORP,LG CHEM LTD,KE621,GPL9341481,KR,227.00,OPTICAL CLEAR ADHESIVE,"9,261.13",512405.00
2-Mar,SMK ELECTRONICS PHILS CORP,SUNNY SEALING,LD 0457,50043,JP,41.00,OPTICAL CLEAR ADHESIVE,"8,361.50",463193.00
1-Mar,GBPLEN CORPORATION,"KOLEN CO., LTD,",OZ703,DECX984607,KR,16.00,PLASTIC BONDING LCM,"8,251.64",457185.00
17-Mar,GBPLEN CORPORATION,"KOLEN CO., LTD,",OZ703,DECX984664,KR,17.00,PLASTIC BONDING LCM,"5,922.78",329820.00
2-Mar,MAXTRONIX INC.,DYMAX ASIA PACIFIC PTE. LTD,FX5158,398662,SG,31.00,PRODUCTS SUITABLE FOR USE AS GLUESADHESIVES,"21,886.71",1199681.00
12-Mar,EURO CHEMICALS INC,KOBO PRODUCTS SAS,TK084,TLS0012502,FR,308.00,RAW MATERIAL FOR COSMETIC GS KA VAL00C,"44,942.13",2412905.00
14-Mar,B/E AEROSPACE B.V. - (PHIL BRANCH),NEW METALS AND CHEMICALS LTD,WY843,LHR14721351,GB,630.00,SEAL ACCESS 2MM,"94,549.92",5167532.00
10-Mar,B/E AEROSPACE B.V. - (PHIL BRANCH),NEW METALS AND CHEMICALS LTD,PR721,LHR14722197,GB,380.00,SEAL SELF ADHESIVE SINGLE,"58,491.85",3199220.00
6-Mar,SANYO DENKI PHILIPPINES INC.,THREE BOND SINGAPORE PTE LTD,FX5158,69584,JP,110.00,SEALANT,"6,434.08",357763.00
21-Mar,ENGEL ANLAGEN TECHNIK PHILS. INC.,TH SCHOLTEN GMBH & CO KG,TKA084,56786,DE,883.00,SET OF 2 COMPONENT EPOXY ADHESIVE,"20,342.22",1119135.00
9-Mar,TEMIC AUTOMOTIVE (PHILS.) INC.,SIKA AUTOMOTIVE GMBH,QR928,HAM000788,DE,650.00,SIKAFORCE,"7,281.65",403298.00
27-Mar,IRISO ELECTRONICS PHILIPPINES INC.,MOMENTIVE PERFORMANCE MATERIALS JAP,JL745,NNR51394482,JP,62.00,SILICON PRODUCT,"5,290.43",295638.00
26-Mar,TONG HSING ELECTRONICS PHILS. INC.,DOW CORNING (0119) KOMATSU,NH819,TYO8084601,JP,42.00,SILICONE ADHESIVE,"7,350.00",420437.00
16-Mar,SOLAR PHILIPPINES MODULE MANUFACTU,SUZHOU TONSAN ADHESIVE LTD,OZ703,18036,CN,718.00,SILICONE SEALANT. POTTING COMPOUND FOR PV MO,"6,092.80",322585.00
21-Mar,AMERTRON INCORPORATED,SUMITOMO METAL MINING CO LTD.,PR431,TCS18320143,JP,161.00,SILVER EPOXY PASTE T-3030,"24,567.49",1351876.00
1-Mar,TI (PHILIPPINES) INC.,M K ELECTRON CO LTD,5J187,47893,KR,483.00,SOLDER BALL,"24,280.00",1387511.00
8-Mar,TI (PHILIPPINES) INC.,M K ELECTRON CO LTD,5J187,93220,KR,462.00,SOLDER BALL,"23,620.00",1348709.00
15-Mar,TI (PHILIPPINES) INC.,M K ELECTRON CO LTD,5J187,98956,KR,436.00,SOLDER BALL,"21,980.00",1258197.00
22-Mar,TI (PHILIPPINES) INC.,M K ELECTRON CO LTD,5J187,4781,KR,418.00,SOLDER BALL,"20,760.00",1189040.00
14-Mar,INTEGRATED MICRO-ELECTRONICS INC.,NIHON HANDA MANUFACTURING,MH804,7JJZ283,MY,108.00,SOLDER PASTE,"5,147.99",286828.00
1-Mar,TRS PHILS CORPORATION,"TRS CO, LTD.",FX5158,36009,JP,84.00,"SYLEX GLUE , ETC","12,082.39",679553.00
15-Mar,TRS PHILS CORPORATION,"TRS CO, LTD.",FX5158,96310,JP,72.00,SYLEX GLUE ETC,"9,124.06",514441.00
25-Mar,N.T. PHILIPPINES INC.,MULTEK FLEXIBLE CIRCUIT INC,DL181,MSP0022016,US,131.00,TAPE,"7,048.23",388104.00
23-Mar,N.T. PHILIPPINES INC.,MULTEK FLEXIBLE CIRCUITS INC,DL181,MSP0022015,US,915.00,TAPE 3M 9082 RELEASE LINER,"60,030.43",3288116.00
11-Mar,N.T. PHILIPPINES INC.,MULTEK FLEXIBLE CIRCUITS INC,DL7414,MSP0022006,US,138.00,TAPE 3M 9082 RELEASE LINER,"11,484.38",629342.00
13-Mar,N.T. PHILIPPINES INC.,MULTEK FLEXIBLE CIRCUITS INC,DL7414,MSP0022008,US,123.00,TAPE 3M 9082 RELEASE LINER,"10,563.40",578129.00
11-Mar,N.T. PHILIPPINES INC.,MULTEK FLEXIBLE CIRCUITS INC,DL7414,MSP0022007,US,78.00,TAPE 3M 9082 RELEASE LINER,"8,182.16",450158.00
9-Mar,N.T. PHILIPPINES INC.,MULTEK FLEXIBLE CIRCUITS INC,DL7414,MSP0021520,US,92.00,TAPE 3M 9082 RELEASE LINER,"7,607.16",418230.00
31-Mar,N.T. PHILIPPINES INC.,MULTEK FLEXIBLE CIRCUITS INC,DL7414,MSP0022019,US,139.00,TAPE 3M 9082 RELEASE LINER,"5,724.90",317567.00
1-Mar,INLAND WAREHOUSING & LOGISTICS DIV.,"THREEBOND CO., LTD",PR431,60154,JP,331.00,TB 3021J,"7,611.04",422144.00
6-Mar,INLAND WAREHOUSING & LOGISTICS DIV.,THREE BOND MANUFACTURING (THAILAND),TG624,PGT00004154,TH,184.00,TB 3089H,"15,729.00",866703.00
13-Mar,INLAND WAREHOUSING & LOGISTICS DIV.,THREE BOND MANUFACTURING (THAILAND),TG620,YTH02692896,TH,835.00,TB3140C TB2202P TB1782 TB1785B TB1796B,"43,664.20",2389821.00
16-Mar,TI (PHILIPPINES) INC.,DOW CORNING CORP.,DL181,7PU7684,US,1.00,THERMALLY CONDUCTIVE ADHESIVE,"59,350.42",3248010.00
7-Mar,HENKEL PHILIPPINES INC.,HENKEL & CIE AG,WY843,ZRH0031808,CH,2160.00,TOBACOLL 5067 ALF ADHESIVES,"32,599.13",1789511.00
22-Mar,AMERTRON INCORPORATED,HENKEL ELECTRONIC MATERIAL LLC,PR113,AOLA01056534,SG,32.00,"TRABOND 526W01, TRABOND F202 BIPAX & LOCTITE","5,859.01",327168.00
27-Mar,SAN MIGUEL BREWERY INC,NOVOZYMES A/S,TG620,43346,DK,1311.00,ULTIMASE BWL 40,"16,490.68",892531.00
7-Mar,TI (PHILIPPINES) INC.,LINTEC CORPORATION,PR431,92722,JP,234.00,UV CURABLE BACKGRINDING TAPES (BACKGRIND TAP,"24,388.00",1395240.00
15-Mar,TI (PHILIPPINES) INC.,LINTEC CORPORATION,PR431,93271,JP,69.00,UV CURABLE BACKGRINDING TAPES (BACKGRIND TAP,"11,440.00",653502.00
17-Mar,TI (PHILIPPINES) INC.,LINTEC CORPORATION,PR431,46986,JP,405.00,UV SENSITIVE DICING TAPE,"97,637.14",5394867.00
17-Mar,TI (PHILIPPINES) INC.,LINTEC CORPORATION,PR431,46975,JP,92.00,UV SENSITIVE DICING TAPE,"78,325.14",4305492.00
7-Mar,TI (PHILIPPINES) INC.,LINTEC CORPORATION,PR431,92711,JP,102.00,UV SENSITIVE DICING TAPE,"25,280.00",1439931.00
9-Mar,TI (PHILIPPINES) INC.,LINTEC CORPORATION,PR431,92836,JP,249.00,UV SENSITIVE DICING TAPE,"21,216.00",1212083.00
14-Mar,TI (PHILIPPINES) INC.,LINTEC CORPORATION,PR431,93282,JP,360.00,UV SENSITIVE DICING TAPE,"17,337.29",979349.00
27-Mar,TI (PHILIPPINES) INC.,LINTEC CORPORATION,PR431,47152,JP,125.00,UV SENSITIVE DICING TAPE,"12,680.00",728461.00
24-Mar,DECA TECHNOLOGIES INC.(PHIL BRANCH),LINTEC COPRORATION,PR431,NNR41486326,JP,100.00,UV SENSITIVE DICING TAPE,"8,276.36",459215.00
29-Mar,DECA TECHNOLOGIES INC.(PHIL BRANCH),FURUKAWA ELECTRIC CO LTD,PR431,NNR41486721,JP,96.00,UV TAPE,"11,182.00",619761.00
20-Mar,TI (PHILIPPINES) INC.,FURUKAWA ELECTRIC CO LTD.,PR431,29350,JP,283.00,UV TAPES,"25,918.95",1457284.00
6-Mar,TI (PHILIPPINES) INC.,FURUKAWA ELECTRIC CO LTD,PR431,17284,JP,135.00,UV TAPES,"10,000.00",575575.00
16-Mar,SAMSUNG ELECTRO-MECHANICS,YOUNG IL AUTOMATION CO LTD,5J187,DECX1026842,KR,454.00,YT-150 ML POLYESTER ADHESIVE TAPE,"9,318.40",551217.00
26-Mar,MAGNOLIA INC.,FONTERRA LIMITED,JOHANNES MAERSK V815N,44070,NZ,16000.00,MULTI-PLY BAGS RENNET CASEIN,"97,355.43",5090364.00
26-Mar,MAGNOLIA INC.,FONTERRA LIMITED,LEXA MAERSK V821N,45202,NZ,16000.00,MULTI-PLY BAGS RENNET CASEIN,"89,717.43",4691835.00
26-Mar,MAGNOLIA INC.,FONTERRA LIMITED,LEXA MAERSK V821N,53927,NZ,15700.00,MULTI-PLY BAGS RENNET CASEIN EACH 25KGNET,"81,565.95",4266503.00
26-Mar,CLAYMOUNT ASSEMBLIES PHILS INC,INTERVRACHT NEDERLAND,ALS CERES,20143,NL,181.00,"POTTING COMPOUND, ARALDITE","7,952.17",435861.00
14-Mar,SCARBOROUGH FINE FURNITURE INC.,CARTELL CHEMICAL CO LTD,AS RAGNA V.052,TPKAOCEB1803163,TW,352.00,"CYANOACRYLATE ADHESIVE,ACCELARATOR","12,925.00",712525.00
16-Mar,JAKA EQUITIES CORP.,WILRON PRODUCTS SDN BHD,KOTA JUTA,PKGCB18001174,MY,10000.00,EMULSION (DECCO-TAK 3257),"19,420.00",1021265.00
27-Mar,FIRST CEBU ARTCRAFT CORP,MARUYOSHI CORPORATION,CHATTANOOGA,TCLN18000694,JP,3048.00,GELATIN GOFUN SHELL POWDER CALCINED GYPSUM,"13,278.10",714126.00
20-Mar,HH GROUP CEBU INC.,AKZO NOBEL ADHESIVES PTE. LTD.,LOBIVIA V 063E,SINC10573286,SG,6322.00,"HOT MELT 3234,MODIFIER 2761B-CONTROLLED,WATE","17,072.38",958936.00
12-Mar,BORAL PLASTERBOARD PHILIPPINES INC.,USG BORAL SDN BHD,UNI ARISE 0336 523S,EGLV090800031381,MY,20776.00,JOINTING COMPOUND,"6,216.48",332038.00
12-Mar,YAMASHIN CEBU FILTER MFG. CORP.,"YUN TEH INDUSTRIAL CO.,LTD.",WAN HAI,NNR180300189,TW,4000.00,"JOINTMINE, JOINTMIDE","15,846.00",873656.00
20-Mar,CEBU FURNITECH MARKETING INC.,"MIROTONE (THAILAND) CO., LTD.",UNI ARISE 523S,EGLV050800153673,TH,6700.00,"MIROLAC, MIROBILD, COLOURANT, MIROKEY","15,703.31",861577.00
22-Mar,INGREDION PHILIPPINES INC.,NATIONAL STARCH AND CHEMICAL THAILA,LOVIBIA 063E,LCHCB18000964,TH,54000.00,MODIFIED STARCH,"39,263.88",2066098.00
14-Mar,SUN-ACE TRADE AND COMMODITIES INC.,PAN KOREA CORPORATION,WAN HAI 161  V.S306,0058X02787,KR,90000.00,MODIFIED STARCH,"26,623.20",1445074.00
15-Mar,INGREDION PHILIPPINES INC.,NATIONAL STARCH AND CHEMICAL THAILA,LOVIBIA 062E,LCHCB17030968,TH,18288.00,MODIFIED STARCH,"14,261.64",752411.00
12-Mar,EXCELLENT TEXSCREENERS INC.,DING YI PRINTING CO. LTD.,WANHAI 161 V S036,SZHTCBU1803001,CN,7553.00,PASTE PEZA APPROVED 2018-03-18,"112,967.80",6056679.00
20-Mar,TOYOFLEX CEBU CORPORATION,SANSEI BUSSAN (HONGKONG) LTD.,WAN HAI,PCL1800098,HK,1375.00,"POM DURACON, PA UNITIKA, POM TENAC","9,949.35",543825.00
1-Mar,MATERIALS SOLUTIONS  INC.,AICA SINGAPORE PTE LTD,SITC SHANDONG,AMIGL180051338A,SG,5000.00,PREFERE 4405 (ADHESIVE FOR WOODWORKING),"9,000.00",500766.00
2-Mar,TFE SALES MKTG CORP.,WACKER CHEMICALS KOREA INC.,CHATTANOOGA 234S,OOLU2598463670,KR,13600.00,SEALANTS LC TRANS,"9,469.28",526001.00
28-Mar,AUTOLIV CEBU SAFETY MANUFACTURING,SIKA AUTOMOTIVE GMBH,KOTA JUTA V. 0325E,HAM005816,DE,1258.00,SIKATHERM4225,"7,296.88",405738.00
28-Mar,AUTOLIV CEBU SAFETY MANUFACTURING,SIKA AUTOMOTIVE GMBH,KOTA JUTA V. 0325E,HAM005826,DE,1258.00,SIKATHERM4225,"7,296.88",406213.00
1-Mar,PHIL GOLD PROCESSING & REFINING /,REEF BALL FOUNDATION,KOTA JUTA V.  0323W,USDEN335850,US,975.00,STC. CORAL PUTTY STICKS,"5,809.35",319828.00
23-Mar,CEBU MITSUMI INC.,OHMIYA CORPORATION,WAN HAI,TYOACF22314,JP,932.00,STC. TOHOCLEAN,"5,934.60",331062.00
5-Mar,CEBU MITSUMI INC.,OHMIYA CORPORATION,WAN HAI,TYOABZ67272,JP,932.00,STC. TOHOCLEAN,"5,890.50",328163.00
5-Mar,CEBU MITSUMI INC.,OHMIYA CORPORATION,WAN HAI,TYOACB20643,JP,932.00,STC. TOHOCLEAN,"5,890.50",328163.00
11-Mar,CEBU MITSUMI INC.,OHMIYA CORPORATION,WAN HAI,TYOACC46105,JP,932.00,STC. TOHOCLEAN,"5,890.50",327494.00
22-Mar,SCARBOROUGH FINE FURNITURE INC.,"AKZO NOBEL ADHESIVES PTE.,LTD.",LOBIVIA V.063E,803012,SG,2375.00,"SYNTEKO 1367,SYNTEKO 1915,HARDENER 1994 ETC.","7,568.75",420721.00
28-Mar,TSUNEISHI ACCOMMODATION CEBU INC.,"TSUNEISHI TRADING CO., LTD.",PACIFIC JOY V13,FB4,JP,64281.00,"TOUGH BOND, ECOLIFE,& ETC.","141,155.66",7748465.00
5-Mar,ASIAN SPORTS APPAREL PHILIPPINES,FWUJI RESINS CHEMICAL INDUSTRY,AS RAGNA V. 049,APLU408002603,TW,18630.00,"ADHESIVE FJ166H / 673T / 675T , PRIMER FJ-13","53,488.80",3020244.00
5-Mar,CORONATION PREMIUM MFG. INC.,DONGGUAN OULIAN SUPPLY CHAIN,DAHLIA V. 1803,MCB132009,CN,12473.00,GLUE,"62,578.87",3527502.00
5-Mar,ASIAN SPORTS APPAREL PHILIPPINES,FWUJI RESINS CHEMICAL INDUSTRY,AS RAGNA V. 049,APLU408002603,TW,720.00,HARDENER FJ-258,"7,866.00",432785.00
3-Mar,CEBU MITSUMI INC.,"MITSUMI ELECTRIC CO.,LTD.",5X0138,781WX9GF7QZ,JP,45.00,PALLABRIGHT 2000 PLATING FORMULATION,"49,671.97",2723414.00
27-Mar,DAVAO CITIHARDWARE INC,"NAN PAO RESINS CHEMICAL CO.,LTD",BALEARES V066,1803F02101S,TW,7950.00,605 BOXES OF GLUE MASTER OF CONTACT CEMENT,"17,292.70",955043.00
28-Mar,NAKAYAMA TECHNOLOGY CORPORATION,"NAKAYAMA CO., LTD.",RHL AQUA V-0839-023S,EGLV020800091528,JP,3078.00,"ADHESIVE (P SOFT 125DIA P180 & P600, DKEM635","21,074.87",1176020.00
28-Mar,NAKAYAMA TECHNOLOGY CORPORATION,"NAKAYAMA CO., LTD.",WAN HAI 163 V-S278,TPRC886,JP,12000.00,CEMEDINE GLUE,"45,979.20",2522754.00
9-Mar,NUTRI-ASIA INC.,TATE & LYLE NETHERLANDS B.V.,BALEARES 65,OOLU4026932410,NL,39500.00,MODIFIED WAXYMAIZE STARCH,"35,763.52",1929469.00
6-Mar,ANG PANDAY CONSTRUCTION SUPPLIES,ZIBO SEVENSTAR IMPORT AND EXPORT CO,NAVIOS TEMPO 011S,COAU7042119960,CN,6100.00,REDISPERSIBLE POLYMER POWDER (RDP6017),"10,980.00",576382.00
14-Mar,MATERIALS SOLUTIONS  INC.,PT.AICA INDRIA,ARIANA 026,JKDVO0054892,ID,17000.00,"STC INPACK 249 LM, MATSOL HP 1024, INMELT 40","34,069.87",1780113.00
12-Mar,PETBOWE TRADING CORPORATION,VEDAN (VIETNAM) ENTERPRISE,SITC GENSAN 1806,SITSGDVG129986,VN,18000.00,STC MODIFIED TAPIOCA STARCH FG (CBA-8858),"13,721.10",722066.00
8-Mar,RED SPRUCE TRADING,FLOWCRETE ASIA SDN BHD,KMTC NINGBO V 1801N,EIH1810679ZM,MY,16241.00,(BASE A COATING MATERIALS) FLOWCRETE FLOWFR,"15,084.00",835998.00
22-Mar,EASY BIO PHILIPPINES INC.,EASY BIO INC,PHILIPPA SCHULTE V. 093XAS,NEXL1803MNS002,KR,12000.00,ENDONASE AND PHYTAMAX...,"76,992.00",4145517.00
15-Mar,FOODFLOW  INC.,"SHANDONG YUXIN BIO-TECH CO., LTD",SITC MAKASSAR,SITGTAMS577224,CN,25000.00,1250 BAGS ISOLATED SOY PROTEIN,"53,000.00",2769674.00
16-Mar,TURRIS PHIL. INC.,SOLBAR NINGBO INTERNATIONAL,SEASPAN NEW DELHI,COAU7042128530,CN,25000.00,1250 BAGS SOLPRO 920 ISOLATED SOY PROTEIN,"54,500.00",2853775.00
23-Mar,TURRIS PHIL. INC.,SOLBAR NINGBO INTERNATIONAL,PHILIPPA SCHULTE,APLU063912478,CN,25000.00,1250 BAGS SOLPRO 920 ISOLATED SOY PROTEIN,"54,500.00",2857814.00
28-Mar,TURRIS PHIL. INC.,SOLBAR NINGBO INTERNATIONAL,HYUNDAI FORWARD,APLU063907616,CN,25000.00,1250 BAGS SOLPRO 920 ISOLATED SOY PROTEIN,"54,500.00",2857814.00
1-Mar,FIBERLINE INDUSTRIES INC.,GREATWILL MATERIALS (HK) LTD.,JIAN GONG 368,13855,CN,290500.00,12X40 CTRS. STC:HOT MELT ADHESIVE (AS KNOWN,"147,471.00",7841566.00
26-Mar,DCJ ENTERPRISES,AMERSEAL INDUSTRIAL SDN BHD,NORTHERN VIGOUR 1188-036N,EGLV095800019853,MY,4152.00,"135 CASES SILICONE GASKET, 240 CASES BELT DR","6,187.77",344458.00
27-Mar,BORLA ENTERPRISES,DOW CHEMICAL SILICONES KOREA,WAN HAI 261,PUS03MNL18TIF066,KR,16744.00,16 PKGS. SILICONE SEALANT,"13,407.00",744883.00
23-Mar,BORLA ENTERPRISES,DOW CHEMICAL SILICONES KOREA,WAN HAI 307,PUS03MNL18TIF065,KR,16560.00,17 PKGS. SILICONE SEALANT,"15,123.80",839177.00
27-Mar,BORLA ENTERPRISES,DOW CHEMICAL SILICONES KOREA,WAN HAI 261,PUS03MNL18TIF067,KR,16157.00,17 PKGS. SILICONE SEALANT,"14,902.40",827511.00
20-Mar,RED SPRUCE TRADING,FLOWCRETE ASIA SDN BHD,BOMAR HAMBURG V18002W,EIH1830095Z,MY,13939.00,19CASES INDUSTRIAL FLOORING PRODUCTS,"12,881.11",715275.00
6-Mar,MATERIALS SOLUTIONS  INC.,PARAMELT SPECIALTY MATERIALS,ISAO V.1802S,DP1801096,CN,7500.00,1X20 CNTR STC:12 PACKAGES OF HOTMELTING ADHE,"16,125.00",852004.00
1-Mar,MEGATRENDS  I&C CORPORATION,NURICHEM CO LTD,HYUNDAI GLORY,SNKO010180109727,KR,15173.00,"1x20' stc: 10 pallets SEALANT N2000 PRO, A20","20,822.40",1130761.00
13-Mar,FIBERWORLD INC.,RUGAO JAOUR ADHESIVE PRODUCTS,ISAO V.1804S,SNL8SHPL0205042,CN,25000.00,1X40 CTNR STC 1000 CTNS HOT MELT ADHESIVE JM,"52,056.10",2722891.00
1-Mar,FIBERWORLD INC.,RUGAO JAOUR ADHESIVE PRODUCTS,HAI LIAN V.1804S,SNL8SHPL0205028,CN,25000.00,1X40 CTNR STC 1000 CTNS HOT MELT ADHESIVE JM,"51,240.10",2696217.00
1-Mar,TURRIS PHIL. INC.,TATE AND LYLE INGREDIENTS,EVER SHINE,EGLV456841375667,US,19278.00,1x40' stc: 17 pkgs 850 BAGS X-PAND'R STARCH,"19,759.86",1078447.00
21-Mar,SEALBOND CHEMICAL INDUSTRIES INC.,"FLOOR CHEM ASIA CO., LTD.",SITC LIAONING V.1803N,SITGBKMS105738,TH,25071.00,1X40 STC: INDUSTRIAL POLYURETHANE COATING BA,"32,976.00",1736712.00
7-Mar,FOODFLOW  INC.,"SHANDONG YUXIN BIO-TECH CO., LTD",SITC GENSAN,SITGTAMS576112,CN,25000.00,1x40' styc: 1250 BAGS ISOLATED SOY PROTEIN,"53,000.00",2775405.00
23-Mar,BORLA ENTERPRISES,DOW CHEMICAL SILICONES KOREA,WAN HAI 307,PUS03MNL18TIF064,KR,11310.00,23 PKGS. SILICONE SEALANT,"11,938.20",664318.00
23-Mar,BORLA ENTERPRISES,DOW CHEMICAL SILICONES KOREA,PHILIPPA SCHULTE,PUS03MNL18TIF063,KR,11310.00,23 PKGS. SILICONE SEALANT,"11,826.00",657251.00
1-Mar,SCUDERIA ENTERPRISES,DOW CHEMICAL SILICONES KOREA L,SIRI BHUM,PUS02MNL18TIF058,KR,11310.00,23 PKGS. SILICONE SEALANT,"11,756.64",655867.00
1-Mar,SCUDERIA ENTERPRISES,DOW CHEMICAL SILICONES KOREA L,SIRI BHUM,PUS02MNL18TIF059,KR,11310.00,23 PKGS. SILICONE SEALANT,"11,746.60",655315.00
1-Mar,SCUDERIA ENTERPRISES,DOW CHEMICAL SILICONES KOREA L,SIRI BHUM,PUS02MNL18TIF057,KR,11310.00,23 PKGS. SILICONE SEALANT,"11,724.00",654075.00
22-Mar,BORLA ENTERPRISES,DOW CHEMICAL SILICONES KOREA,PHILIPPA SCHULTE,PUS03MNL18TIF062,KR,11310.00,23 PKGS. SILICONE SEALANT,"11,584.77",644053.00
22-Mar,TURRIS PHIL. INC.,"SHANDONG YUXIN BIO-TECH CO., LTD",SITC DAVAO,SITGTAMS577225,CN,50000.00,2500 BAGS ISOLATED SOY PROTEIN,"106,000.00",5544921.00
7-Mar,TURRIS PHIL. INC.,"SHANDONG YUXIN BIO-TECH CO., LTD",SITC GENSAN,SITGTAMS576113,CN,75000.00,3750 BAGS ISOLATED SOY PROTEIN,"159,000.00",8313586.00
14-Mar,TURRIS PHIL. INC.,TATE AND LYLE NETHERLANDS B.V,TAURUS,OOLU4026930350,NL,98750.00,3950 BAGS RESISTAMYL 347,"81,468.75",4387466.00
21-Mar,TURRIS PHIL. INC.,TATE AND LYLE NETHERLANDS B.V,COSCO SHIPPING HIMALAYAS,OOLU4026935460,NL,98750.00,3950 BAGS RESISTAMYL 347,"81,468.75",4396874.00
9-Mar,DEL MONTE PHILS INC. / PHILPACK,GENERAL STARCH LIMITED,YANTRA BHUM 1003W,BKKCB18000750,TH,57000.00,3X20 STC 2280 PAPER BAGS MODIFIED TAPIOCA ST,"44,538.72",2335959.00
2-Mar,DALKIA INCORPORATED,GUANGZHOU BAIYUN CHEMICAL IND.,IONIAN EXPRESS,APLU051785729,CN,4725.00,"7,000 PCS. SILICONE WEATHER-PROOFING SEALANT","25,547.00",1343495.00
2-Mar,ALUACE CORPORATION,"SHANGHAI JOYFLY IMP & EXP. CO., LTD",SITC DALIAN 1804S,SITGSHMST12364,CN,7200.00,"791-WEATHER SEALANT (BLACK) & (GREY), 668-2-","54,823.84",2872521.00
1-Mar,TURRIS PHIL. INC.,TATE AND LYLE INGREDIENTS,EVER LAWFUL,EGLV430841309334,US,19278.00,850 BAGS X-PAND'R STARCH,"19,759.95",1078452.00
27-Mar,GILVAN PACKAGING CORPORATION,NANTONG COMENS NEW MATERIALS,ONYX,SHA03533057,CN,16000.00,ADHESIVE,"17,408.00",964592.00
28-Mar,FASTWORTH MARKETING,"SUNG DO CHEMICAL CO., LTD",SIRI BHUM 1803S,CWFBGL180321,KR,14800.00,ADHESIVE (F-5000),"12,037.95",668827.00
26-Mar,KINGGESAR TRADING CO,COIM ASIA PACIFIC PTE LTD.,LOBIVIA 063E,SSGSE18030015,SG,16333.00,"ADHESIVE (LIQUID ADHESIVE) NC-7109, CA-27","18,589.86",1028975.00
20-Mar,HENKEL PHILIPPINES INC.,HENKEL LOCTITE (CHINA) CO. LTD,HYUNDAI GLORY V.095,CAPLU063929450,CN,1103.00,ADHESIVE (LOCTITE PC 9021 KT20KGEN/PH),"6,616.11",372291.00
21-Mar,HENKEL PHILIPPINES INC.,HENKEL ADHESIVES TECHNOLOGIES,IONIAN EXPRESS 809S,UTCSE1803006,CN,10000.00,ADHESIVE (TECHNOMELT COOL 3700CN SPINE 25KG,"24,698.24",1297711.00
14-Mar,REPUBLIC CHEMICAL INDUSTRIES INC.,"TONGSHEN INTERNATIONAL CO.,LTD",ASIA IPSA V. S058,CANMNL1803001,CN,2400.00,"ADHESIVE W-20, FV-100","22,626.80",1183177.00
16-Mar,HENKEL PHILIPPINES INC.,HENKEL ADHESIVES COMPANY LTD.,HUI JIN QIAO 189 180303,UTCSE1802081,CN,3400.00,ADHESIVE(TECHNOMELT SUPRA 100 25KG),"11,308.53",629240.00
21-Mar,GILVAN PACKAGING CORPORATION,MORCHEM S.A O/B MARTYN WINLOW,LOBIVIA,BCN03116979,ES,16960.00,ADHESIVES,"19,138.40",1057937.00
23-Mar,GILVAN PACKAGING CORPORATION,MORCHEM S.A O/B MARTYN WINLOW,LOBIVIA,BCN03116957,ES,16837.00,ADHESIVES,"19,010.48",1052408.00
12-Mar,NAN PAO RESINS CHEMICAL PHILIPPINES,EASTLION ENTERPRISES LTD,ASIA IPSA S058,0228A21322,CN,20205.00,ADHESIVES 317NT,"52,449.47",2735320.00
27-Mar,NAN PAO RESINS CHEMICAL PHILIPPINES,EASTLION ENTERPRISES LTD,MAGNAVIA 18006S,LSMNS1803018,CN,6300.00,ADHESIVES 71KN,"10,783.69",565592.00
27-Mar,NAN PAO RESINS CHEMICAL PHILIPPINES,EASTLION ENTERPRISES LTD,MAGNAVIA 18006S,LSMNS1803018,CN,3000.00,ADHESIVES LE180N,"6,639.64",348634.00
27-Mar,NAN PAO RESINS CHEMICAL PHILIPPINES,EASTLION ENTERPRISES LTD,MAGNAVIA 18006S,LSMNS1803018,CN,3000.00,ADHESIVES NO 301,"6,737.76",353771.00
1-Mar,NAN PAO RESINS CHEMICAL PHILIPPINES,EASTLION ENTERPRISES LTD,ST JOHN 18002S,LSMNS1802012,CN,3600.00,ADHESIVES NP 585,"17,723.94",929618.00
27-Mar,NAN PAO RESINS CHEMICAL PHILIPPINES,EASTLION ENTERPRISES LTD,MAGNAVIA 18006S,LSMNS1803018,CN,2000.00,ADHESIVES NP 585,"10,117.55",530685.00
27-Mar,NAN PAO RESINS CHEMICAL PHILIPPINES,EASTLION ENTERPRISES LTD,MAGNAVIA 18006S,LSMNS1803018,CN,18600.00,ADHESIVES P049,"36,704.45",1922412.00
12-Mar,NAN PAO RESINS CHEMICAL PHILIPPINES,EASTLION ENTERPRISES LTD,ASIA IPSA S058,0228A21322,CN,16800.00,ADHESIVES P049,"33,318.46",1738446.00
1-Mar,NAN PAO RESINS CHEMICAL PHILIPPINES,EASTLION ENTERPRISES LTD,ST JOHN 18002S,LSMNS1802012,CN,7200.00,ADHESIVES P049,"14,283.85",749521.00
1-Mar,NAN PAO RESINS CHEMICAL PHILIPPINES,EASTLION ENTERPRISES LTD,ST JOHN 18002S,LSMNS1802012,CN,4000.00,ADHESIVES UE 8SF,"20,773.49",1089362.00
12-Mar,NAN PAO RESINS CHEMICAL PHILIPPINES,EASTLION ENTERPRISES LTD,ASIA IPSA S058,0228A21322,CN,3000.00,ADHESIVES UE 8SF,"15,575.19",813592.00
15-Mar,MEGA TMCTM VENTURES INC,GOLD MOUNT (XIAMEN) IMPORTING,SUI GANG,QASHPUMNS8F0013,CN,14750.00,AQUEOUS LAMINATE ADHESIVE,"19,181.02",1011205.00
23-Mar,CHAMPION GLUE INC.,AVEBE U.A.,THALASSA TYHI 0962-018E,COSU4513312280,NL,17500.00,AVEDEX 75 MF 14,"21,792.92",1183235.00
28-Mar,SCAD SERVICES (S) PTE. LTD. - PHIL,"FRP SERVICES & COMPANY,",COLOMBO 040S,I288010111A,JP,1216.00,BASF INOAC FOAMLITE,"6,253.15",362504.00
7-Mar,SCAD SERVICES (S) PTE. LTD. - PHIL,"FRP SERVICES & COMPANY,",COLOMBO 037S,I288008990A,JP,1216.00,BASF INOAC FOAMLITE,"6,097.87",371559.00
5-Mar,COLUMBIA INTL FOOD PRODUCTS INC,GELNEX INDUSTRIA E COMMERCIA LTDA,SYMI I 749E,KPM00019918,BR,25000.00,BEEFSKIN GELATIN 220 BLOOM 20 MESH,"146,972.75",7902309.00
23-Mar,SIKA PHILIPPINES INC.,EVERBUILD BUILDING PRODUCTS,THALASSA NIKI 0963 019E,EGLV510800007025,GB,16235.00,BUILDING PRODUCTS SIKACRYL 620 GREY AND WHIT,"31,421.35",1735231.00
20-Mar,PHILCHEMA INC,INDUSTRIAL TECNICA PECURIA S.A,BO YUN 118 809005SW,42155,ES,19000.00,CAPSOZYME SB PLUS,"132,999.99",7145922.00
23-Mar,HOUSE TECHNOLOGY INDUSTRIES PTE.LTD,HRD SINGAPORE PTE LTD,AS LAURETTA 1808S,SITSMMS18005062,JP,13117.00,CEMEDINE EM346 1KG12PC/BOX (SILICON SEALANT,"48,386.02",2658874.00
26-Mar,HOUSE TECHNOLOGY INDUSTRIES PTE.LTD,HRD SINGAPORE PTE LTD,KYAUK PHYU STAR 001S,KKLUJPZA032837A,JP,25379.00,CEMEDINE TILE EPOXY 50KG/SET (SILICON SEALAN,"137,467.37",7546215.00
6-Mar,SILVER PINNACLE ENTERPRISES,CHIDYN INDUSTRIAL CO.,LANTAU BRIDE V 18004S,SKAMNL1802048MU,TW,2310.00,CLASS 3     UN NO.1133,"7,414.93",415960.00
16-Mar,HOUSE TECHNOLOGY INDUSTRIES PTE.LTD,HRD SINGAPORE PTE LTD,CAPE NABIL 034N,NYKSNG6JJ0823401,JP,563.00,CORNER TILE GLUE BASE 25KG/CAN,"6,381.29",350614.00
6-Mar,SCAD SERVICES (S) PTE. LTD. - PHIL,HRD SINGAPORE PTE LTD,SITC DALIAN 1806S,SITSMMS1800222,JP,3378.00,CYANON Z-268H 100G HIGH VISCOSITY KOATSU GAS,"13,822.75",758515.00
16-Mar,WU KONG SINGAPORE PTE. LTD. PHIL.,HRD SINGAPORE PTE LTD,CAPE NABIL 034N,NYKSNG6JJ0823400,JP,10596.00,DEERNOL D-40E OSHIKA CORPORATION (20KGS/CONT,"7,428.46",410673.00
1-Mar,COLUMBIA INTL FOOD PRODUCTS INC,GELITA AUSTRALIA PTY LTD,CAP FERRATO 660N,SUDU38BNE000371X,AU,20000.00,EDIBLE GELATINE BEEFSKIN,"113,000.00",5925351.00
8-Mar,EASY BIO PHILIPPINES INC.,EASY BIO INC,HYUNDAI FORWARD 079S,NEXL1802MNS004,KR,6192.00,ENDONASE PLUS AND PHYTAMAX,"29,508.95",1593133.00
13-Mar,CONNELL BROS. COMPANY PILIPINAS INC,ADVANCED ENZYME TECHNOLOGIES,ITAL MODERNA E113,2263,IN,250.00,ENZYME SEBAKE FRESH 1.5P,"7,925.00",430378.00
1-Mar,BRIGHT GOAL TRADING,"KUKDO CHEMICAL CO., LTD",HYUNDAI FORWARD 079S,SNKO010180201682,TH,17600.00,EPOXY (LIQUID),"13,209.80",736097.00
17-Mar,INNOVATRADE INGREDIENTS CORPORATION,GELITA AUSTRALIA PTY LTD,KOWLOON BAY 662N,SUDU38BNE000728X,AU,18000.00,GELATIN POWDER,"103,875.00",5426277.00
19-Mar,FRP-JHK CORPORATION,HOKKAN KOGYO CO. LTD.,CAPE NABIL 034S,JSEPHC80001,JP,770.00,"GELCOAT TOMATEC CGZ GRAY, GELCOAT 3B-5028P","7,546.92",430412.00
21-Mar,NELTEX DEVELOPMENT CO. INC,NAN YA PLASTICS CORPORATION,HANSA SIEGBURG 1807,MCB186085,TW,86400.00,GEN:GLUE FOR PVC/SPEC:GLUE FOR PVC INDUSTRIA,"181,440.00",9981829.00
20-Mar,REPUBLIC CHEMICAL INDUSTRIES INC.,WORLDWIDE LOGISTICS CO FMC 413,HANSA SIEBURG V. 1807,SX17559,US,18003.00,GENESIS,"23,595.39",1301748.00
19-Mar,TIMES TRADING CO INC,SANFORD LP,CMA CGM ATTILA,TVLLAX02013,US,12520.00,GLITTER GLUE,"33,494.00",1850795.00
7-Mar,TIMES TRADING CO INC,SANFORD LP,EVER LIFTING,TVLLAX02000,US,37559.00,"GLITTER GLUE, ETC","100,481.99",5519332.00
17-Mar,MAGCARGO TRADING,QUANZHOU HONGYUAN COSTUME,SITC MAKASSAR,STMK1806MS153,CN,3024.00,GLUE - GLUE STICK,"7,037.78",370433.00
23-Mar,MAGCARGO TRADING,JIANG XI GAN MIN IMPORT AND,SITC DAVAO,STDV1806MS261,CN,3535.00,GLUE - GLUE STICK,"6,922.94",365406.00
28-Mar,TIMES TRADING CO INC,NINGBO PASCO UNITED INDS CO LT,HAI LIAN,LSSZEC18030985,CN,20894.00,"GLUE ALL, ETC","53,281.94",2799898.00
27-Mar,TIMES TRADING CO INC,SANFORD LP,MOL BRAVO,TVLLAX02001,US,11811.00,"GLUE ALL,WOOD GLUE","34,970.47",1928850.00
15-Mar,DUTCH BLUE SEA ENTERPRISES,TEX YEAR FINE CHEMICAL (GUANGZ,MAGNAVIA,43794,CN,15750.00,GLUE STICK,"21,729.09",1143347.00
16-Mar,MAGCARGO TRADING,"FUJIAN HONGYUAN GROUP CO., LTD",SITC MAKASSAR  1806S,STMK1806MS169,CN,2749.00,"GLUE, GLUESTICKS","5,533.79",291594.00
28-Mar,FASTWORTH MARKETING,"SUNG DO CHEMICAL CO., LTD",SIRI BHUM 1803S,CWFBGL180321,KR,6800.00,HARDENER (G-6000),"5,606.05",313461.00
12-Mar,FIBERWORLD INC.,RUGAO JAOUR ADHESIVE PRODUCTS,ISAO V.1804S,SNL8SHPL0205041,CN,25000.00,HOT MELT ADHESIVE JM-3522..,"51,240.10",2680466.00
27-Mar,PV TECH PTE. LTD. PHIL. BR. OFFICE,SHANGHAI HUITIAN NEW MATERIAL,ISAO 1805S,AMIGL180073707A,CN,2700.00,HT906Z PV MODULE RTV SEALANT,"7,415.92",412895.00
19-Mar,PV TECH PTE. LTD. PHIL. BR. OFFICE,SHANGHAI HUITIAN MATERIAL CO.,HAI LIAN V.1806S,AMIGL180073642A,CN,2160.00,HT906Z PV MODULE RTV SEALANT,"5,932.73",331016.00
23-Mar,COMMODITY QUEST INC.,DEZHOU RUI KANG FOOD CO LTD,COSCO FUKUYAMA 067S,COAU7042134910,CN,100000.00,ISOLATED SOY PROTEIN,"214,180.00",11226477.00
20-Mar,UNIGLOBAL CHEM INDUSTRIES INC.,SHANDONG CEREALS ENETRPRISE CO,HYUNDAI GLORY,SSLMS181057,CN,50000.00,ISOLATED SOY PROTEIN,"49,105.00",2612819.00
21-Mar,UNIGLOBAL CHEM INDUSTRIES INC.,GUANXIAN RUICHANG TRADING CO,APL ATLANTA,SSLMS180980,CN,50000.00,ISOLATED SOY PROTEIN,"49,105.00",2612819.00
26-Mar,UNIGLOBAL CHEM INDUSTRIES INC.,SHANDONG CEREALS ENETRPRISE CO,COSCO FUKOYAMA,COAU7042134900,CN,50000.00,ISOLATED SOY PROTEIN,"49,105.00",2616492.00
6-Mar,TRIXCEAN TRADING,SINOGLORY ENTERPRISE GROUP CO.,TRF  PRAIA,AASD003279,CN,22725.00,ISOLATED SOY PROTEIN,"16,616.00",882176.00
6-Mar,SIKA PHILIPPINES INC.,SIKA LTD,MOL EARNEST 0016W,YHHKG01300418JP,JP,2825.00,JOINT SEALANT SIKAFLEX 255 EXTRA BLACK,"14,931.05",785161.00
28-Mar,SANCHEONG PHILIPPINES INC,SANCHEONG CO. LTD.,SIRI BHUM V. 1803S,PYLMNL1803105,KR,1662.00,KAS-300S,"15,396.99",844273.00
13-Mar,UNITED CONTAINER CORPORATION,UBIS (ASIA) PUBLIC CO.LTD.,LOBIVIA,AISCMNL1801013,TH,3840.00,"LINING COMPOUND SF04-57PF,ETC.","10,451.64",546792.00
21-Mar,NAN PAO RESINS CHEMICAL PHILIPPINES,NAN PAO RESINS CHEMICAL CO LTD,WAN HAI 162 S298,0018A39769,TW,4500.00,LIQUID ADHESIVE 173M,"9,585.01",526153.00
21-Mar,NAN PAO RESINS CHEMICAL PHILIPPINES,NAN PAO RESINS CHEMICAL CO LTD,WAN HAI 162 S298,0018A39769,TW,1818.00,LIQUID ADHESIVE 196NH1,"5,211.60",286636.00
15-Mar,NAN PAO RESINS CHEMICAL PHILIPPINES,NAN PAO RESINS CHEMICAL CO LTD,WAN HAI 162 S297,0018A39056,TW,4500.00,LIQUID ADHESIVE A068,"11,925.00",652983.00
15-Mar,NAN PAO RESINS CHEMICAL PHILIPPINES,NAN PAO RESINS CHEMICAL CO LTD,WAN HAI 162 S297,0018A39056,TW,3000.00,LIQUID ADHESIVE A305,"5,550.00",304588.00
15-Mar,NAN PAO RESINS CHEMICAL PHILIPPINES,NAN PAO RESINS CHEMICAL CO LTD,WAN HAI 162 S297,0018A39056,TW,338.00,LIQUID ADHESIVE RFE,"7,204.50",394983.00
21-Mar,NAN PAO RESINS CHEMICAL PHILIPPINES,NAN PAO RESINS CHEMICAL CO LTD,WAN HAI 162 S298,0018A39769,TW,3000.00,LIQUID ADHESIVE T UR049H,"10,499.99",576217.00
10-Mar,SILVER PINNACLE ENTERPRISES,NAN YA PLASTICS CORPORATION,WAN HAI 102 S145,0018A39342,TH,19200.00,LIQUID EPOXY,"14,354.64",794384.00
5-Mar,DONG-IN SUNBIRDS CORPORATION,DONG IN ENTECH CO LTD,LANTAU BRIDGE 1802S,ANEX1802056,KR,2325.00,LOCTITE BONDACE 8250 ADHESIVE,"9,223.08",515615.00
5-Mar,MOUNTAINEERING INSTRUMENT CORPORATI,DONG IN ENTECH CO LTD,LANTAU BRIDGE 1802S,ANEX1802058,KR,1860.00,LOCTITE BONDACE 8250 ADHESIVE,"7,498.46",421165.00
21-Mar,EDWARD KELLER (PHILS.) INC.,TATE & LYLE INGREDIENTS AMERICAS LL,EVER LOYAL 0922027W,EGLV430841412127,US,19278.00,MIRA THIK 609,"31,808.70",1722632.00
19-Mar,EDWARD KELLER (PHILS.) INC.,TATE & LYLE INGREDIENTS AMERICAS LL,EVER LEARNED V0921026W,EGLV430841363029,US,19278.00,MIRA THIK 609...,"31,808.70",1722632.00
1-Mar,LIWAYWAY MARKETING CORPORATION,GENERAL STARCH LIMITED,CHANA BHUN 671S,BKKCB18001115,TH,50000.00,MODIFIED TAPIOCA STARCH,"62,445.00",3292277.00
12-Mar,CORNELL INGREDIENTS CORPORATION,GENERAL STARCH LIMITED,YANTRA BHUM 1003W,BKKCB18000953,TH,17000.00,MODIFIED TAPIOCA STARCH GELPRO F807E,"28,051.96",1467239.00
26-Mar,CORNELL INGREDIENTS CORPORATION,GENERAL STARCH LIMITED,XETHA BHUM 1099,BKKCB18002232,TH,17000.00,MODIFIED TAPIOCA STARCH GELPRO F807E,"28,051.96",1472462.00
20-Mar,CORNELL INGREDIENTS CORPORATION,GENERAL STARCH LIMITED,MATHU BHUM 1050W,BKKCB18000951,TH,100000.00,MODIFIED TAPIOCA STARCH GELPRO HC48 GELPRO H,"80,387.90",4218336.00
6-Mar,HOUSE TECHNOLOGY INDUSTRIES PTE.LTD,HRD SINGAPORE PTE LTD,SITC DALIAN 1806S,SITSMMS1800220,JP,3426.00,MS A-432 (SEALANT FOR WINDOW),"13,923.60",764072.00
8-Mar,CARRINGTON TRADING INC.,BASF SOUTH EAST ASIA PTE LTD,MOSCOW MAERSK,7985,DE,12800.00,"NATUPHOS 5000 FEED PREMIX POWDER, NATUPHOS","70,586.58",3806161.00
7-Mar,NELTEX DEVELOPMENT CO. INC,NAN YA PLASTICS CORPORATION,HANSA FALKENBURG 1805,MCB155684,TW,86400.00,NELTEX BRAND GEN:GLUE FOR PVC/SPEC:GLUE FOR,"181,440.00",9981065.00
22-Mar,NEET INTERNATIONAL CORP,JBS S/A,SAN FERNANDO,SUDU68200A4W299U,BR,11560.00,NOVAPRO COLLAGEN,"57,800.00",3057869.00
7-Mar,KORPACK PHILIPPINES CORPORATION,KORPACK COPORATION,LANTAU BRIDGE,EKLX1802018,KR,3744.00,P-124 (PARAFFINIC HYDROCARBON),"6,023.81",332569.00
23-Mar,WU KONG SINGAPORE PTE. LTD. PHIL.,HRD SINGAPORE PTE LTD,AS LAURETTA 1808S,SITSMMS18005072,JP,3460.00,PI-5340S2 200KGS/DRUM (CHEMICAL),"14,950.80",821721.00
7-Mar,GLOBE INTL DISTRIBUTOR CENTER INC,PYE PRODUCTS M SDN BHD,CMA CGM 005W,APLU075604145,MY,23000.00,PRIMERO PREMIUM SKIM COAT 20KG,"5,274.38",299134.00
20-Mar,GLOBE INTL DISTRIBUTOR CENTER INC,PYE PRODUCTS (M) SDN BHD,VEGA KAPPA V.001,APLU075604583,MY,7680.00,"PYESLATE SEAL GLOSS, PYESLATE SEAL MATT FINI","19,862.48",1090438.00
20-Mar,GLOBE INTL DISTRIBUTOR CENTER INC,PYE PRODUCTS (M) SDN BHD,CMA CGM,APLU075605433,MY,12445.00,"PYESLATE SEAL MATT FINISH, PYETILE GROUT WHI","24,638.50",1352228.00
2-Mar,GLOBE INTL DISTRIBUTOR CENTER INC,PYE PRODUCTS M SDN BHD,CMA CGM 005W,APLU075604146,MY,12561.00,"PYESLATE-SEAL GLOSS 200LIT, PYEPRUSEAL 50 PT","23,297.68",1280521.00
16-Mar,ENGLOBAL FOOD INTERNATIONAL TRADING,DAIRYGOLD FOOD INGREDIENTS LTD,BG DIAMOND 180561,EGLV511800001807,IE,25000.00,RENNET CASEIN,"24,420.00",1303065.00
22-Mar,GLOBE INTL DISTRIBUTOR CENTER INC,ZEN INTERNATIONAL MARKETING PT,CPO NORFOLK,804038000F00,ID,16000.00,RJ ROOF SEALER 20 KG 800 PAIL,"33,876.00",1775954.00
6-Mar,GLOBE TAPE INC,PT ERJE LONDON CHEMICAL,SEASPAN FRASER 0274N,8001,ID,18218.00,"RJ WALL PUTTY 0 5 KG, RJ WALL PUTTY 1KG,","16,101.50",853083.00
22-Mar,JOGEREY INTERNATIONAL TRADING,SHENZHEN YINGHUI CHUANGZHAN,HAI SU 12,QASHPUMNS8M0085,CN,27400.00,ROAD MARKING COMPOUND,"17,519.51",921171.00
20-Mar,JOGEREY INTERNATIONAL TRADING,GAMRON  INDUSTRIES SDN BHD,YM UPWARD,I470115625,MY,24762.00,ROAD MARKING COMPOUND,"16,661.80",879056.00
7-Mar,TIMES TRADING CO INC,SANFORD LP,EVER LIFTING,TVLLAX02003,US,15554.00,SCHOOL GLUE,"35,710.78",1972057.00
20-Mar,TIMES TRADING CO INC,SANFORD LP,OOCL KOREA,TVLLAX02007,US,31108.00,"SCHOOL GLUE, ETC","71,431.57",3938648.00
7-Mar,TIMES TRADING CO INC,SANFORD LP,COSCO DEVELOPMENT,TVLLAX01997,US,14334.00,"SCHOOL GLUE, ETC","33,184.45",1833699.00
27-Mar,DUTCH BLUE SEA ENTERPRISES,"YIWU YUEHANG IMP & EXP CO., LT",ISAO,SITGNBMS206488,CN,5337.00,SEALANT,"6,494.29",359879.00
26-Mar,DUTCH BLUE SEA ENTERPRISES,DOW CHEMICAL SILICONES KOREA L,ASIA IPSA,0058X07175,KR,11737.00,SEALANT (DOW CORNING GLASS SEALANT),"14,491.09",805044.00
26-Mar,DUTCH BLUE SEA ENTERPRISES,DOW CHEMICAL SILICONES KOREA L,ASIA IPSA,0058X07096,KR,11737.00,SEALANT (DOW CORNING GLASS SEALANT),"14,491.08",805044.00
27-Mar,DUTCH BLUE SEA ENTERPRISES,R. J LONDON CHEMICALS INDUSTRI,ITAL MILIONE,EGLV050800246680,TH,5850.00,SEALANT (GLASS SEALANT ),"6,274.54",332432.00
14-Mar,DUTCH BLUE SEA ENTERPRISES,R.J LONDON CHEMICALS INDUSTRIE,ITAL MILLIONE,EGLV050800218678,TH,6313.00,SEALANT (GLASS SEALANT),"6,781.69",357818.00
22-Mar,MEGATRENDS  I&C CORPORATION,NURICHEM CO LTD,PHILIPPA SCHULTE,HDMUBUWB4748643,KR,12621.00,SEALANT N2000 PRO,"19,798.00",1071587.00
6-Mar,HOUSE TECHNOLOGY INDUSTRIES PTE.LTD,HRD SINGAPORE PTE LTD,SITC DALIAN 1806S,SITSMMS1800220,JP,2894.00,SEKISUI BOND #75D (ADHESIVES),"11,760.86",645525.00
16-Mar,HOUSE TECHNOLOGY INDUSTRIES PTE.LTD,HRD SINGAPORE PTE LTD,SITC SHIMIZU 1806S,SITSMMS18002502,JP,20980.00,SEKISUI BOND #94-ES BLACK DRUM,"137,658.32",7523317.00
6-Mar,HOUSE TECHNOLOGY INDUSTRIES PTE.LTD,HRD SINGAPORE PTE LTD,SITC DALIAN 1806S,SITSMMS1800223,JP,7933.00,SEKISUI SILICON SEALANT WHITE 333ML (10PC/BO,"38,952.36",2135287.00
7-Mar,SIKA PHILIPPINES INC.,PT SIKA INDONESIA,DEVA V 276QAN,JKTMNL1802016,ID,6289.00,"SIKADUR 31 CF NORMAL (AB), SIKAGARD 720 EPOC","11,617.43",615865.00
21-Mar,SIKA PHILIPPINES INC.,"SIKA (CHINA) LTD.,",HAI LIAN V.1806S,SITGSHMSK06979,CN,10921.00,"SIKAFLEX 221 WHITE,GREY AND BLACK","38,451.86",2014318.00
14-Mar,SIKA PHILIPPINES INC.,PT SIKA INDONESIA,NAVIOS AMARILLO V 278QAN,JKTMNL1803003,ID,8902.00,SIKAGARD 720 EPOCEM C SIKAREPAIR EPOCEM,"14,939.52",787577.00
20-Mar,SIKA PHILIPPINES INC.,"WACKER CHEMICALS (CHINA)CO.,LT",WUXIANG26 V.1819E,2018,CN,18086.00,SIKAHYFLEX 305 AP BLACK 01,"68,331.78",3571278.00
15-Mar,SUMMIT PACIFIC PHILIPPINES INC.,TOPLA CO.LTD.,SITC SHIMIZU,SITPUMS058608G,KR,16815.00,SILICONE SEALANT 300 & 280ML,"23,160.00",1282611.00
27-Mar,TFE SALES MKTG CORP.,MOMENTIVE PERFORMANCE,OOCL CHARLESTON 131S,OOLU2600516030,TH,3675.00,SILICONE SEALANT SILGLAZE C SILGLAZE W310ML,"18,432.00",972587.00
20-Mar,LUCRUM ENTERPRISES CORPORATION,MOMENTIVE PERFORMANCE MATERIALS (NA,SEASPAN NEW DELHI V.011S,COAU7051528440,CN,5902.00,"SILICONE SEALANT, SCS2997 BRONZE/SAUP/591.5M","14,667.59",813248.00
27-Mar,LUCRUM ENTERPRISES CORPORATION,MOMENTIVE PERFORMANCE MATERIALS (TH,OOCL CHARLESTON 132S,OOLU2600214470,TH,7392.00,"SILICONE SEALANT, TOSSEAL 1000 MS SEALANT GR","21,639.70",1196340.00
6-Mar,COMGLASCO AGUILA GLASS CORPORATION,AL MUQARRAM INSULATION MAT IND.LLC,EVER BLISS V1646008N,RFS36965,SA,16333.00,SILICONE SEALANTS AMI BRAND,"12,360.53",686823.00
27-Mar,TFE SALES MKTG CORP.,MOMENTIVE PERFORMANCE,OOCL CHARLESTON 132S,OOLU2600710080,TH,8268.00,SILICONE SEALANTS CARTRIDGE OXIME,"41,472.00",2174748.00
27-Mar,TFE SALES MKTG CORP.,MOMENTIVE PERFORMANCE,SEASPAN NEW DEL 011S,COAU7051528430,CN,8495.00,SILICONE SEALANTS SCS2909 SCS2997,"39,808.80",2087969.00
9-Mar,MEISEI ELECTRIC PHILS CORPORATION,SANWACHEMICA (SHENZHEN)LIMITED,OOCL CHARLESTON 129S,TLISZX1802332,CN,918.00,SINGLE SIDE GLUE,"10,220.00",588281.00
15-Mar,RUDOLF LIETZ INC.,"YUNG ZIP CHEMICAL IND.CO.,LTD.",COLOMBO V 038S,2MNS8CO038MN8023,TW,2000.00,SODIUM STARCH GLYCOLATE,"8,693.00",472016.00
23-Mar,HOLCIM PHILIPPINES INC.,COOPERATIVE AVEBE U.A.,CSCL ATLANTIC OCEAN 022E,COSU4513301920,NL,12000.00,SOLVICOL GP 45 PLUS,"14,545.87",792496.00
16-Mar,HOLCIM PHILIPPINES INC.,COOPERATIVE AVEBE U.A.,OOCL SCANDINAVIA 001E,COSU4513280900,NL,12000.00,SOLVICOL GP 45 PLUS 30X25KG,"14,720.51",800822.00
27-Mar,TIMES TRADING CO INC,SANFORD LP,MOL BRAVO,TVLLAX01994,US,8312.00,"SPRAY ADHESIVE, ETC","39,901.01",2196412.00
21-Mar,GLOBAL STRATEGIC PARTNERS DISTRIBUT,FAULTLESS STRACH/ BON AMI CO.,SEASPAN NEW DELHI,L08046991,US,16510.00,SPRAY STARCH,"22,776.68",1233192.00
20-Mar,ENGLOBAL FOOD INTERNATIONAL TRADING,FAULTLESS STARCH BON AMI,CSCL YELLOW SEA,L08046992,US,16367.00,"SPRAY STARCH NIAGARA BRAND HEAVY, LEMON  NON","20,908.00",1134454.00
8-Mar,LELEX TRADING,MOHM CHEMICAL SDN. BHD,APL OAKLAND 26520N,1151,MY,16827.00,STC: 1743 CARTONS X'TRA SEAL X'BOND CONSTRUC,"16,215.83",897928.00
23-Mar,LOTUSORB ENTERPRISES,FUJIAN JINLU DAILY CHEMICALS,MS EAGLE 1807,27750,CN,16400.00,STICKY MOUSE PAD,"11,536.91",640735.00
6-Mar,WU KONG SINGAPORE PTE. LTD. PHIL.,HRD SINGAPORE PTE LTD,SITC DALIAN 1806S,SITSMMS18002242,JP,1767.00,SUPER X #8008 (135ML) CLEAR CEMEDINE,"12,221.24",670115.00
5-Mar,PHIL. GLASS PROCESSING SPECIALIST,WACKER CHEM CO LTD,WU XIANG,802011,CN,9929.00,WACKER GENERAL PURPOSE (SEALANT),"40,380.69",2117492.00
28-Mar,MAGNA PRIME CHEMICAL TECH. INC.,WACKER CHEMICALS KOREA INC.,HYUNDAI FORWARD 080S,PUSA215003,KR,17535.00,"WACKER LC 909 GHS (WHITE, BLACK, BRONZE)","42,801.75",2243958.00
14-Mar,DUTCH BLUE SEA ENTERPRISES,R.J LONDON CHEMICALS INDUSTRIE,LAKONIA,EGLV050800193594,TH,14911.00,WALL PUTTY,"22,883.10",1200896.00
27-Mar,DUTCH BLUE SEA ENTERPRISES,R.J LONDON CHEMICALS INDUSRIES,INTERGRA,EGLV050800183688,TH,15962.00,WALL PUTTY,"22,842.09",1203038.00
1-Mar,DUTCH BLUE SEA ENTERPRISES,R.J. LONDON CHEMICALS INDUSTRI,ITAL MILIONE,EGLV050800149277,TH,5761.00,WALL PUTTY,"11,589.47",609966.00
27-Mar,AFFINITE ENTERPRISES,GUANGZHOU NANJIA INTERNATIONAL,MAGNAVIA,3706,CN,7560.00,WALL PUTTY,"7,735.60",406339.00
14-Mar,DUTCH BLUE SEA ENTERPRISES,R.J LONDON CHEMICALS INDUSTRIE,LAKONIA,EGLV050800218694,TH,5141.00,WALL PUTTY,"5,521.75",293157.00
27-Mar,DESK TOP BAGS PHILIPPINES INC.,LUEN THAI FOOTWEAR MACAO COMMERCIAL,AS RAGNA V.053W,CTIBSESBC800095HK,HK,626.00,NYLBOND BONDED NYLON THREAD,"9,451.40",518239.00
20-Mar,DLX BAGS PHILIPPINES INC,LUEN THAI FOOTWEAR MACAO COMMERCIAL,HANSA ALTENBURG V.013W,CTIBSESBC800085HK,HK,3639.00,WATER BASED GLUE,"18,736.91",1027333.00
26-Mar,ARVIN INTERNATIONAL MARKETING INC.,SHANGHAI NEWSUN INTERNATIONAL,GERM SUCCESS/019,GSLYGBTG004,CN,1999800.00,MODIFIED CORN STARCH,"620,495.82",32671135.00
12-Mar,GN POWER KAUSWAGAN LTD CO,SHANGHAI ELECTRIC POWER CONS,FREYA V126,FR126SH001,CN,2625.00,FIRE BARRIER COMPOSITE SHEET,"76,024.71",3989545.00
6-Mar,FAIRCHILD SEMICONDUCTOR (PHILS) INC,ABLESTIK (SHANGHAI)LTD,CX921,UUS00330982,CN,59.00,2.00 PK LOCTITE ABLESTIK,"13,903.20",767483.00
9-Mar,FAIRCHILD SEMICONDUCTOR (PHILS) INC,ABLESTIK (SHANGHAI)LTD,CX921,UUS00332102,CN,59.00,2.00 PK LOCTITE ABLESTIK,"12,848.93",708284.00
16-Mar,FAIRCHILD SEMICONDUCTOR (PHILS) INC,ABLESTIK (SHANGHAI)LTD,CX921,UUS00333620,CN,59.00,2.00 PK LOCTITE ABLESTIK,"12,848.93",709800.00
28-Mar,KNOWLES ELECTRONICS (PHILIPPINES)/,ELECTRO SPEC INC,LD 0457,3194,US,2.00,ADAPTOR TUBE,"11,106.70",614520.00
15-Mar,FUNAI ELECTRIC CEBU INC.,ENGINEERED MATERIAL SYSTEM INC./EMS,LD 0457,9124,US,33.00,CARBON DIOXIDE SOLID,"7,379.63",409518.00
12-Mar,S.E.A OLYMPUS MARKETING INC.,ALTECO INC.,CATHAY PACIFIC,MSA70126906,JP,80.00,CYANOACRYLATE ADHESIVES,"9,365.29",517647.00
2-Mar,KNOWLES ELECTRONICS (PHILIPPINES)/,MATERIAL TECHNOLOGY PTE LTD,LD 0457,8446,SG,8.00,ECCOBOND 56C RESIN,"7,517.36",417018.00
12-Mar,TMX PHILIPPINES INC.,MATERIAL TECHNOLOGY PTE LTD,CATHAY PACIFIC,SIN1606615,CN,110.00,"LOCTITE ABLESTIK A-312-11,SL CATALYST 15LV","5,692.50",316552.00
12-Mar,TMX PHILIPPINES INC.,MATERIAL TECHNOLOGY PTE LTD,CATHAY PACIFIC,SIN1606393,SG,26.00,LOCTITE ABLESTIK C850-5A,"8,830.00",487820.00
23-Mar,CORNELL INGREDIENTS CORPORATION,ROQUETTE FRERES,EK338,8130,FR,3392.00,ROQUETTE NUTRIOSE FB 06 (WHEAT DEXTRIN),"17,070.00",923664.00
22-Mar,KNOWLES ELECTRONICS (PHILIPPINES)/,KNOWLES ELECTRONICS  M  SDN BHD,LD 0457,7445,MY,53.00,STRAP,"55,382.02",3040293.00
30-Mar,KNOWLES ELECTRONICS (PHILIPPINES)/,KNOWLES ELECTRONICS  M  SDN BHD,LD 0457,10073,MY,96.00,STRAP,"32,173.32",1772070.00
16-Mar,KNOWLES ELECTRONICS (PHILIPPINES)/,KNOWLES ELECTRONICS  M  SDN BHD,LD 0457,80440,MY,73.00,STRAP,"31,904.51",1751648.00
8-Mar,NESTLE PHILIPPINES INC.,EPI INGREDIENTS,MCC KYOTO 1807,5277,FR,25000.00,1X40 POTASSIUM CASEINATE ,"148,299.37",9746056.00
8-Mar,NESTLE PHILIPPINES INC.,EPI INGREDIENTS,MCC KYOTO 1807,5256,FR,25000.00,1X40 POTASSIUM CASEINATE ,"148,299.37",9746054.00
5-Mar,NESTLE PHILIPPINES INC.,EPI INGREDIENTS,MARIVIA 1803,5225,FR,25000.00,1X40 POTASSIUM CASEINATE 710 KOSHER BAG,"148,286.25",9867834.00
16-Mar,AXELUM RESOURCES CORP.,DMV,HANSA BREITENBURG 1801,2955,NL,12000.00,SODIUM CASEINATE,"110,329.46",5937727.00